0 verbose cli C:\Program Files\nodejs\node.exe C:\Program Files\nodejs\node_modules\npm\bin\npm-cli.js
1 info using npm@10.9.2
2 info using node@v22.15.0
3 silly config load:file:C:\Program Files\nodejs\node_modules\npm\npmrc
4 silly config load:file:C:\Users\pc\Documents\GitHub\AI-Builder-Sprint\frontend\.npmrc
5 silly config load:file:C:\Users\pc\.npmrc
6 silly config load:file:C:\Users\pc\AppData\Roaming\npm\etc\npmrc
7 verbose title npm ci
8 verbose argv "ci"
9 verbose logfile logs-max:10 dir:C:\Users\pc\Documents\GitHub\AI-Builder-Sprint\frontend\.npm-cache\_logs\2026-07-29T13_14_26_647Z-
10 verbose logfile C:\Users\pc\Documents\GitHub\AI-Builder-Sprint\frontend\.npm-cache\_logs\2026-07-29T13_14_26_647Z-debug-0.log
11 silly logfile done cleaning log files
12 silly packumentCache heap:4345298944 maxSize:1086324736 maxEntrySize:543162368
13 silly idealTree buildDeps
14 silly reify moves {}
15 verbose reify failed optional dependency C:\Users\pc\Documents\GitHub\AI-Builder-Sprint\frontend\node_modules\@tailwindcss\oxide-wasm32-wasi
16 silly reify mark deleted [
16 silly reify   'C:\\Users\\pc\\Documents\\GitHub\\AI-Builder-Sprint\\frontend\\node_modules\\@tailwindcss\\oxide-wasm32-wasi'
16 silly reify ]
17 silly audit bulk request {
17 silly audit   '@babel/code-frame': [ '7.29.7' ],
17 silly audit   '@babel/compat-data': [ '7.29.7' ],
17 silly audit   '@babel/core': [ '7.29.7' ],
17 silly audit   '@babel/generator': [ '7.29.7' ],
17 silly audit   '@babel/helper-compilation-targets': [ '7.29.7' ],
17 silly audit   '@babel/helper-globals': [ '7.29.7' ],
17 silly audit   '@babel/helper-module-imports': [ '7.29.7' ],
17 silly audit   '@babel/helper-module-transforms': [ '7.29.7' ],
17 silly audit   '@babel/helper-string-parser': [ '7.29.7' ],
17 silly audit   '@babel/helper-validator-identifier': [ '7.29.7' ],
17 silly audit   '@babel/helper-validator-option': [ '7.29.7' ],
17 silly audit   '@babel/helpers': [ '7.29.7' ],
17 silly audit   '@babel/parser': [ '7.29.7' ],
17 silly audit   '@babel/template': [ '7.29.7' ],
17 silly audit   '@babel/traverse': [ '7.29.7' ],
17 silly audit   '@babel/types': [ '7.29.7' ],
17 silly audit   '@emnapi/core': [ '1.11.1' ],
17 silly audit   '@emnapi/runtime': [ '1.11.1' ],
17 silly audit   '@emnapi/wasi-threads': [ '1.2.2' ],
17 silly audit   '@eslint-community/eslint-utils': [ '4.10.1' ],
17 silly audit   'eslint-visitor-keys': [ '3.4.3', '5.0.1' ],
17 silly audit   '@eslint-community/regexpp': [ '4.12.2' ],
17 silly audit   '@eslint/config-array': [ '0.23.5' ],
17 silly audit   '@eslint/config-helpers': [ '0.7.0' ],
17 silly audit   '@eslint/core': [ '1.2.1' ],
17 silly audit   '@eslint/js': [ '10.0.1' ],
17 silly audit   '@eslint/object-schema': [ '3.0.5' ],
17 silly audit   '@eslint/plugin-kit': [ '0.7.2' ],
17 silly audit   '@humanfs/core': [ '0.19.2' ],
17 silly audit   '@humanfs/node': [ '0.16.8' ],
17 silly audit   '@humanfs/types': [ '0.15.0' ],
17 silly audit   '@humanwhocodes/module-importer': [ '1.0.1' ],
17 silly audit   '@humanwhocodes/retry': [ '0.4.3' ],
17 silly audit   '@jridgewell/gen-mapping': [ '0.3.13' ],
17 silly audit   '@jridgewell/remapping': [ '2.3.5' ],
17 silly audit   '@jridgewell/resolve-uri': [ '3.1.2' ],
17 silly audit   '@jridgewell/sourcemap-codec': [ '1.5.5' ],
17 silly audit   '@jridgewell/trace-mapping': [ '0.3.31' ],
17 silly audit   '@napi-rs/wasm-runtime': [ '1.1.6' ],
17 silly audit   '@oxc-project/types': [ '0.139.0' ],
17 silly audit   '@oxlint/binding-android-arm-eabi': [ '1.76.0' ],
17 silly audit   '@oxlint/binding-android-arm64': [ '1.76.0' ],
17 silly audit   '@oxlint/binding-darwin-arm64': [ '1.76.0' ],
17 silly audit   '@oxlint/binding-darwin-x64': [ '1.76.0' ],
17 silly audit   '@oxlint/binding-freebsd-x64': [ '1.76.0' ],
17 silly audit   '@oxlint/binding-linux-arm-gnueabihf': [ '1.76.0' ],
17 silly audit   '@oxlint/binding-linux-arm-musleabihf': [ '1.76.0' ],
17 silly audit   '@oxlint/binding-linux-arm64-gnu': [ '1.76.0' ],
17 silly audit   '@oxlint/binding-linux-arm64-musl': [ '1.76.0' ],
17 silly audit   '@oxlint/binding-linux-ppc64-gnu': [ '1.76.0' ],
17 silly audit   '@oxlint/binding-linux-riscv64-gnu': [ '1.76.0' ],
17 silly audit   '@oxlint/binding-linux-riscv64-musl': [ '1.76.0' ],
17 silly audit   '@oxlint/binding-linux-s390x-gnu': [ '1.76.0' ],
17 silly audit   '@oxlint/binding-linux-x64-gnu': [ '1.76.0' ],
17 silly audit   '@oxlint/binding-linux-x64-musl': [ '1.76.0' ],
17 silly audit   '@oxlint/binding-openharmony-arm64': [ '1.76.0' ],
17 silly audit   '@oxlint/binding-win32-arm64-msvc': [ '1.76.0' ],
17 silly audit   '@oxlint/binding-win32-ia32-msvc': [ '1.76.0' ],
17 silly audit   '@oxlint/binding-win32-x64-msvc': [ '1.76.0' ],
17 silly audit   '@rolldown/binding-android-arm64': [ '1.1.5' ],
17 silly audit   '@rolldown/binding-darwin-arm64': [ '1.1.5' ],
17 silly audit   '@rolldown/binding-darwin-x64': [ '1.1.5' ],
17 silly audit   '@rolldown/binding-freebsd-x64': [ '1.1.5' ],
17 silly audit   '@rolldown/binding-linux-arm-gnueabihf': [ '1.1.5' ],
17 silly audit   '@rolldown/binding-linux-arm64-gnu': [ '1.1.5' ],
17 silly audit   '@rolldown/binding-linux-arm64-musl': [ '1.1.5' ],
17 silly audit   '@rolldown/binding-linux-ppc64-gnu': [ '1.1.5' ],
17 silly audit   '@rolldown/binding-linux-s390x-gnu': [ '1.1.5' ],
17 silly audit   '@rolldown/binding-linux-x64-gnu': [ '1.1.5' ],
17 silly audit   '@rolldown/binding-linux-x64-musl': [ '1.1.5' ],
17 silly audit   '@rolldown/binding-openharmony-arm64': [ '1.1.5' ],
17 silly audit   '@rolldown/binding-wasm32-wasi': [ '1.1.5' ],
17 silly audit   '@rolldown/binding-win32-arm64-msvc': [ '1.1.5' ],
17 silly audit   '@rolldown/binding-win32-x64-msvc': [ '1.1.5' ],
17 silly audit   '@rolldown/pluginutils': [ '1.0.1' ],
17 silly audit   '@tailwindcss/node': [ '4.3.3' ],
17 silly audit   lightningcss: [ '1.32.0', '1.33.0' ],
17 silly audit   'lightningcss-android-arm64': [ '1.32.0', '1.33.0' ],
17 silly audit   'lightningcss-darwin-arm64': [ '1.32.0', '1.33.0' ],
17 silly audit   'lightningcss-darwin-x64': [ '1.32.0', '1.33.0' ],
17 silly audit   'lightningcss-freebsd-x64': [ '1.32.0', '1.33.0' ],
17 silly audit   'lightningcss-linux-arm-gnueabihf': [ '1.32.0', '1.33.0' ],
17 silly audit   'lightningcss-linux-arm64-gnu': [ '1.32.0', '1.33.0' ],
17 silly audit   'lightningcss-linux-arm64-musl': [ '1.32.0', '1.33.0' ],
17 silly audit   'lightningcss-linux-x64-gnu': [ '1.32.0', '1.33.0' ],
17 silly audit   'lightningcss-linux-x64-musl': [ '1.32.0', '1.33.0' ],
17 silly audit   'lightningcss-win32-arm64-msvc': [ '1.32.0', '1.33.0' ],
17 silly audit   'lightningcss-win32-x64-msvc': [ '1.32.0', '1.33.0' ],
17 silly audit   '@tailwindcss/oxide': [ '4.3.3' ],
17 silly audit   '@tailwindcss/oxide-android-arm64': [ '4.3.3' ],
17 silly audit   '@tailwindcss/oxide-darwin-arm64': [ '4.3.3' ],
17 silly audit   '@tailwindcss/oxide-darwin-x64': [ '4.3.3' ],
17 silly audit   '@tailwindcss/oxide-freebsd-x64': [ '4.3.3' ],
17 silly audit   '@tailwindcss/oxide-linux-arm-gnueabihf': [ '4.3.3' ],
17 silly audit   '@tailwindcss/oxide-linux-arm64-gnu': [ '4.3.3' ],
17 silly audit   '@tailwindcss/oxide-linux-arm64-musl': [ '4.3.3' ],
17 silly audit   '@tailwindcss/oxide-linux-x64-gnu': [ '4.3.3' ],
17 silly audit   '@tailwindcss/oxide-linux-x64-musl': [ '4.3.3' ],
17 silly audit   '@tailwindcss/oxide-win32-arm64-msvc': [ '4.3.3' ],
17 silly audit   '@tailwindcss/oxide-win32-x64-msvc': [ '4.3.3' ],
17 silly audit   '@tailwindcss/vite': [ '4.3.3' ],
17 silly audit   '@tybys/wasm-util': [ '0.10.3' ],
17 silly audit   '@types/esrecurse': [ '4.3.1' ],
17 silly audit   '@types/estree': [ '1.0.9' ],
17 silly audit   '@types/json-schema': [ '7.0.15' ],
17 silly audit   '@types/react': [ '19.2.17' ],
17 silly audit   '@types/react-dom': [ '19.2.3' ],
17 silly audit   '@typescript-eslint/eslint-plugin': [ '8.65.0' ],
17 silly audit   ignore: [ '7.0.6', '5.3.2' ],
17 silly audit   '@typescript-eslint/parser': [ '8.65.0' ],
17 silly audit   '@typescript-eslint/project-service': [ '8.65.0' ],
17 silly audit   '@typescript-eslint/scope-manager': [ '8.65.0' ],
17 silly audit   '@typescript-eslint/tsconfig-utils': [ '8.65.0' ],
17 silly audit   '@typescript-eslint/type-utils': [ '8.65.0' ],
17 silly audit   '@typescript-eslint/types': [ '8.65.0' ],
17 silly audit   '@typescript-eslint/typescript-estree': [ '8.65.0' ],
17 silly audit   semver: [ '7.8.5', '6.3.1' ],
17 silly audit   '@typescript-eslint/utils': [ '8.65.0' ],
17 silly audit   '@typescript-eslint/visitor-keys': [ '8.65.0' ],
17 silly audit   '@vitejs/plugin-react': [ '6.0.4' ],
17 silly audit   acorn: [ '8.18.0' ],
17 silly audit   'acorn-jsx': [ '5.3.2' ],
17 silly audit   'agent-base': [ '6.0.2' ],
17 silly audit   ajv: [ '6.15.0' ],
17 silly audit   asynckit: [ '0.4.0' ],
17 silly audit   autoprefixer: [ '10.5.4' ],
17 silly audit   axios: [ '1.18.1' ],
17 silly audit   'balanced-match': [ '4.0.4' ],
17 silly audit   'baseline-browser-mapping': [ '2.11.5' ],
17 silly audit   'brace-expansion': [ '5.0.8' ],
17 silly audit   browserslist: [ '4.28.7' ],
17 silly audit   'call-bind-apply-helpers': [ '1.0.2' ],
17 silly audit   'caniuse-lite': [ '1.0.30001806' ],
17 silly audit   'combined-stream': [ '1.0.8' ],
17 silly audit   'convert-source-map': [ '2.0.0' ],
17 silly audit   cookie: [ '1.1.1' ],
17 silly audit   'cross-spawn': [ '7.0.6' ],
17 silly audit   csstype: [ '3.2.3' ],
17 silly audit   debug: [ '4.4.3' ],
17 silly audit   'deep-is': [ '0.1.4' ],
17 silly audit   'delayed-stream': [ '1.0.0' ],
17 silly audit   'detect-libc': [ '2.1.2' ],
17 silly audit   'dunder-proto': [ '1.0.1' ],
17 silly audit   'electron-to-chromium': [ '1.5.396' ],
17 silly audit   'enhanced-resolve': [ '5.24.3' ],
17 silly audit   'es-define-property': [ '1.0.1' ],
17 silly audit   'es-errors': [ '1.3.0' ],
17 silly audit   'es-object-atoms': [ '1.1.2' ],
17 silly audit   'es-set-tostringtag': [ '2.1.0' ],
17 silly audit   escalade: [ '3.2.0' ],
17 silly audit   'escape-string-regexp': [ '4.0.0' ],
17 silly audit   eslint: [ '10.8.0' ],
17 silly audit   'eslint-plugin-react-hooks': [ '7.1.1' ],
17 silly audit   'eslint-plugin-react-refresh': [ '0.5.3' ],
17 silly audit   'eslint-scope': [ '9.1.2' ],
17 silly audit   espree: [ '11.2.0' ],
17 silly audit   esquery: [ '1.7.0' ],
17 silly audit   esrecurse: [ '4.3.0' ],
17 silly audit   estraverse: [ '5.3.0' ],
17 silly audit   esutils: [ '2.0.3' ],
17 silly audit   'fast-deep-equal': [ '3.1.3' ],
17 silly audit   'fast-json-stable-stringify': [ '2.1.0' ],
17 silly audit   'fast-levenshtein': [ '2.0.6' ],
17 silly audit   fdir: [ '6.5.0' ],
17 silly audit   'file-entry-cache': [ '8.0.0' ],
17 silly audit   'find-up': [ '5.0.0' ],
17 silly audit   'flat-cache': [ '4.0.1' ],
17 silly audit   flatted: [ '3.4.3' ],
17 silly audit   'follow-redirects': [ '1.16.0' ],
17 silly audit   'form-data': [ '4.0.6' ],
17 silly audit   'fraction.js': [ '5.3.4' ],
17 silly audit   fsevents: [ '2.3.3' ],
17 silly audit   'function-bind': [ '1.1.2' ],
17 silly audit   gensync: [ '1.0.0-beta.2' ],
17 silly audit   'get-intrinsic': [ '1.3.0' ],
17 silly audit   'get-proto': [ '1.0.1' ],
17 silly audit   'glob-parent': [ '6.0.2' ],
17 silly audit   globals: [ '17.8.0' ],
17 silly audit   gopd: [ '1.2.0' ],
17 silly audit   'graceful-fs': [ '4.2.11' ],
17 silly audit   'has-symbols': [ '1.1.0' ],
17 silly audit   'has-tostringtag': [ '1.0.2' ],
17 silly audit   hasown: [ '2.0.4' ],
17 silly audit   'hermes-estree': [ '0.25.1' ],
17 silly audit   'hermes-parser': [ '0.25.1' ],
17 silly audit   'https-proxy-agent': [ '5.0.1' ],
17 silly audit   imurmurhash: [ '0.1.4' ],
17 silly audit   'is-extglob': [ '2.1.1' ],
17 silly audit   'is-glob': [ '4.0.3' ],
17 silly audit   isexe: [ '2.0.0' ],
17 silly audit   jiti: [ '2.7.0' ],
17 silly audit   'js-tokens': [ '4.0.0' ],
17 silly audit   jsesc: [ '3.1.0' ],
17 silly audit   'json-buffer': [ '3.0.1' ],
17 silly audit   'json-schema-traverse': [ '0.4.1' ],
17 silly audit   'json-stable-stringify-without-jsonify': [ '1.0.1' ],
17 silly audit   json5: [ '2.2.3' ],
17 silly audit   keyv: [ '4.5.4' ],
17 silly audit   levn: [ '0.4.1' ],
17 silly audit   'locate-path': [ '6.0.0' ],
17 silly audit   'lru-cache': [ '5.1.1' ],
17 silly audit   'lucide-react': [ '1.27.0' ],
17 silly audit   'magic-string': [ '0.30.21' ],
17 silly audit   'math-intrinsics': [ '1.1.0' ],
17 silly audit   'mime-db': [ '1.52.0' ],
17 silly audit   'mime-types': [ '2.1.35' ],
17 silly audit   minimatch: [ '10.2.6' ],
17 silly audit   ms: [ '2.1.3' ],
17 silly audit   nanoid: [ '3.3.16' ],
17 silly audit   'natural-compare': [ '1.4.0' ],
17 silly audit   'node-releases': [ '2.0.51' ],
17 silly audit   optionator: [ '0.9.4' ],
17 silly audit   oxlint: [ '1.76.0' ],
17 silly audit   'p-limit': [ '3.1.0' ],
17 silly audit   'p-locate': [ '5.0.0' ],
17 silly audit   'path-exists': [ '4.0.0' ],
17 silly audit   'path-key': [ '3.1.1' ],
17 silly audit   picocolors: [ '1.1.1' ],
17 silly audit   picomatch: [ '4.0.5' ],
17 silly audit   postcss: [ '8.5.23' ],
17 silly audit   'postcss-value-parser': [ '4.2.0' ],
17 silly audit   'prelude-ls': [ '1.2.1' ],
17 silly audit   prettier: [ '3.9.6' ],
17 silly audit   'proxy-from-env': [ '2.1.0' ],
17 silly audit   punycode: [ '2.3.1' ],
17 silly audit   react: [ '19.2.8' ],
17 silly audit   'react-dom': [ '19.2.8' ],
17 silly audit   'react-router': [ '7.18.1' ],
17 silly audit   'react-router-dom': [ '7.18.1' ],
17 silly audit   rolldown: [ '1.1.5' ],
17 silly audit   scheduler: [ '0.27.0' ],
17 silly audit   'set-cookie-parser': [ '2.7.2' ],
17 silly audit   'shebang-command': [ '2.0.0' ],
17 silly audit   'shebang-regex': [ '3.0.0' ],
17 silly audit   'source-map-js': [ '1.2.1' ],
17 silly audit   tailwindcss: [ '4.3.3' ],
17 silly audit   tapable: [ '2.3.3' ],
17 silly audit   tinyglobby: [ '0.2.17' ],
17 silly audit   'ts-api-utils': [ '2.5.0' ],
17 silly audit   tslib: [ '2.8.1' ],
17 silly audit   'type-check': [ '0.4.0' ],
17 silly audit   typescript: [ '6.0.3' ],
17 silly audit   'typescript-eslint': [ '8.65.0' ],
17 silly audit   'update-browserslist-db': [ '1.2.3' ],
17 silly audit   'uri-js': [ '4.4.1' ],
17 silly audit   vite: [ '8.1.5' ],
17 silly audit   which: [ '2.0.2' ],
17 silly audit   'word-wrap': [ '1.2.5' ],
17 silly audit   yallist: [ '3.1.1' ],
17 silly audit   'yocto-queue': [ '0.1.0' ],
17 silly audit   zod: [ '4.4.3' ],
17 silly audit   'zod-validation-error': [ '4.0.2' ],
17 silly audit   '@tailwindcss/oxide-wasm32-wasi': [ '4.3.3' ]
17 silly audit }
18 verbose reify failed optional dependency C:\Users\pc\Documents\GitHub\AI-Builder-Sprint\frontend\node_modules\lightningcss-win32-arm64-msvc
19 silly reify mark deleted [
19 silly reify   'C:\\Users\\pc\\Documents\\GitHub\\AI-Builder-Sprint\\frontend\\node_modules\\lightningcss-win32-arm64-msvc'
19 silly reify ]
20 verbose reify failed optional dependency C:\Users\pc\Documents\GitHub\AI-Builder-Sprint\frontend\node_modules\lightningcss-linux-x64-musl
21 silly reify mark deleted [
21 silly reify   'C:\\Users\\pc\\Documents\\GitHub\\AI-Builder-Sprint\\frontend\\node_modules\\lightningcss-linux-x64-musl'
21 silly reify ]
22 verbose reify failed optional dependency C:\Users\pc\Documents\GitHub\AI-Builder-Sprint\frontend\node_modules\lightningcss-linux-x64-gnu
23 silly reify mark deleted [
23 silly reify   'C:\\Users\\pc\\Documents\\GitHub\\AI-Builder-Sprint\\frontend\\node_modules\\lightningcss-linux-x64-gnu'
23 silly reify ]
24 verbose reify failed optional dependency C:\Users\pc\Documents\GitHub\AI-Builder-Sprint\frontend\node_modules\lightningcss-linux-arm64-musl
25 silly reify mark deleted [
25 silly reify   'C:\\Users\\pc\\Documents\\GitHub\\AI-Builder-Sprint\\frontend\\node_modules\\lightningcss-linux-arm64-musl'
25 silly reify ]
26 verbose reify failed optional dependency C:\Users\pc\Documents\GitHub\AI-Builder-Sprint\frontend\node_modules\lightningcss-linux-arm64-gnu
27 silly reify mark deleted [
27 silly reify   'C:\\Users\\pc\\Documents\\GitHub\\AI-Builder-Sprint\\frontend\\node_modules\\lightningcss-linux-arm64-gnu'
27 silly reify ]
28 verbose reify failed optional dependency C:\Users\pc\Documents\GitHub\AI-Builder-Sprint\frontend\node_modules\lightningcss-linux-arm-gnueabihf
29 silly reify mark deleted [
29 silly reify   'C:\\Users\\pc\\Documents\\GitHub\\AI-Builder-Sprint\\frontend\\node_modules\\lightningcss-linux-arm-gnueabihf'
29 silly reify ]
30 verbose reify failed optional dependency C:\Users\pc\Documents\GitHub\AI-Builder-Sprint\frontend\node_modules\lightningcss-freebsd-x64
31 silly reify mark deleted [
31 silly reify   'C:\\Users\\pc\\Documents\\GitHub\\AI-Builder-Sprint\\frontend\\node_modules\\lightningcss-freebsd-x64'
31 silly reify ]
32 verbose reify failed optional dependency C:\Users\pc\Documents\GitHub\AI-Builder-Sprint\frontend\node_modules\lightningcss-darwin-x64
33 silly reify mark deleted [
33 silly reify   'C:\\Users\\pc\\Documents\\GitHub\\AI-Builder-Sprint\\frontend\\node_modules\\lightningcss-darwin-x64'
33 silly reify ]
34 verbose reify failed optional dependency C:\Users\pc\Documents\GitHub\AI-Builder-Sprint\frontend\node_modules\lightningcss-darwin-arm64
35 silly reify mark deleted [
35 silly reify   'C:\\Users\\pc\\Documents\\GitHub\\AI-Builder-Sprint\\frontend\\node_modules\\lightningcss-darwin-arm64'
35 silly reify ]
36 verbose reify failed optional dependency C:\Users\pc\Documents\GitHub\AI-Builder-Sprint\frontend\node_modules\lightningcss-android-arm64
37 silly reify mark deleted [
37 silly reify   'C:\\Users\\pc\\Documents\\GitHub\\AI-Builder-Sprint\\frontend\\node_modules\\lightningcss-android-arm64'
37 silly reify ]
38 verbose reify failed optional dependency C:\Users\pc\Documents\GitHub\AI-Builder-Sprint\frontend\node_modules\fsevents
39 silly reify mark deleted [
39 silly reify   'C:\\Users\\pc\\Documents\\GitHub\\AI-Builder-Sprint\\frontend\\node_modules\\fsevents'
39 silly reify ]
40 verbose reify failed optional dependency C:\Users\pc\Documents\GitHub\AI-Builder-Sprint\frontend\node_modules\@tailwindcss\oxide-win32-arm64-msvc
41 silly reify mark deleted [
41 silly reify   'C:\\Users\\pc\\Documents\\GitHub\\AI-Builder-Sprint\\frontend\\node_modules\\@tailwindcss\\oxide-win32-arm64-msvc'
41 silly reify ]
42 verbose reify failed optional dependency C:\Users\pc\Documents\GitHub\AI-Builder-Sprint\frontend\node_modules\@tailwindcss\oxide-linux-x64-musl
43 silly reify mark deleted [
43 silly reify   'C:\\Users\\pc\\Documents\\GitHub\\AI-Builder-Sprint\\frontend\\node_modules\\@tailwindcss\\oxide-linux-x64-musl'
43 silly reify ]
44 verbose reify failed optional dependency C:\Users\pc\Documents\GitHub\AI-Builder-Sprint\frontend\node_modules\@tailwindcss\oxide-linux-x64-gnu
45 silly reify mark deleted [
45 silly reify   'C:\\Users\\pc\\Documents\\GitHub\\AI-Builder-Sprint\\frontend\\node_modules\\@tailwindcss\\oxide-linux-x64-gnu'
45 silly reify ]
46 verbose reify failed optional dependency C:\Users\pc\Documents\GitHub\AI-Builder-Sprint\frontend\node_modules\@tailwindcss\oxide-linux-arm64-musl
47 silly reify mark deleted [
47 silly reify   'C:\\Users\\pc\\Documents\\GitHub\\AI-Builder-Sprint\\frontend\\node_modules\\@tailwindcss\\oxide-linux-arm64-musl'
47 silly reify ]
48 verbose reify failed optional dependency C:\Users\pc\Documents\GitHub\AI-Builder-Sprint\frontend\node_modules\@tailwindcss\oxide-linux-arm64-gnu
49 silly reify mark deleted [
49 silly reify   'C:\\Users\\pc\\Documents\\GitHub\\AI-Builder-Sprint\\frontend\\node_modules\\@tailwindcss\\oxide-linux-arm64-gnu'
49 silly reify ]
50 verbose reify failed optional dependency C:\Users\pc\Documents\GitHub\AI-Builder-Sprint\frontend\node_modules\@tailwindcss\oxide-linux-arm-gnueabihf
51 silly reify mark deleted [
51 silly reify   'C:\\Users\\pc\\Documents\\GitHub\\AI-Builder-Sprint\\frontend\\node_modules\\@tailwindcss\\oxide-linux-arm-gnueabihf'
51 silly reify ]
52 verbose reify failed optional dependency C:\Users\pc\Documents\GitHub\AI-Builder-Sprint\frontend\node_modules\@tailwindcss\oxide-freebsd-x64
53 silly reify mark deleted [
53 silly reify   'C:\\Users\\pc\\Documents\\GitHub\\AI-Builder-Sprint\\frontend\\node_modules\\@tailwindcss\\oxide-freebsd-x64'
53 silly reify ]
54 verbose reify failed optional dependency C:\Users\pc\Documents\GitHub\AI-Builder-Sprint\frontend\node_modules\@tailwindcss\oxide-darwin-x64
55 silly reify mark deleted [
55 silly reify   'C:\\Users\\pc\\Documents\\GitHub\\AI-Builder-Sprint\\frontend\\node_modules\\@tailwindcss\\oxide-darwin-x64'
55 silly reify ]
56 verbose reify failed optional dependency C:\Users\pc\Documents\GitHub\AI-Builder-Sprint\frontend\node_modules\@tailwindcss\oxide-darwin-arm64
57 silly reify mark deleted [
57 silly reify   'C:\\Users\\pc\\Documents\\GitHub\\AI-Builder-Sprint\\frontend\\node_modules\\@tailwindcss\\oxide-darwin-arm64'
57 silly reify ]
58 verbose reify failed optional dependency C:\Users\pc\Documents\GitHub\AI-Builder-Sprint\frontend\node_modules\@tailwindcss\oxide-android-arm64
59 silly reify mark deleted [
59 silly reify   'C:\\Users\\pc\\Documents\\GitHub\\AI-Builder-Sprint\\frontend\\node_modules\\@tailwindcss\\oxide-android-arm64'
59 silly reify ]
60 verbose reify failed optional dependency C:\Users\pc\Documents\GitHub\AI-Builder-Sprint\frontend\node_modules\@tailwindcss\node\node_modules\lightningcss-win32-arm64-msvc
61 silly reify mark deleted [
61 silly reify   'C:\\Users\\pc\\Documents\\GitHub\\AI-Builder-Sprint\\frontend\\node_modules\\@tailwindcss\\node\\node_modules\\lightningcss-win32-arm64-msvc'
61 silly reify ]
62 verbose reify failed optional dependency C:\Users\pc\Documents\GitHub\AI-Builder-Sprint\frontend\node_modules\@tailwindcss\node\node_modules\lightningcss-linux-x64-musl
63 silly reify mark deleted [
63 silly reify   'C:\\Users\\pc\\Documents\\GitHub\\AI-Builder-Sprint\\frontend\\node_modules\\@tailwindcss\\node\\node_modules\\lightningcss-linux-x64-musl'
63 silly reify ]
64 verbose reify failed optional dependency C:\Users\pc\Documents\GitHub\AI-Builder-Sprint\frontend\node_modules\@tailwindcss\node\node_modules\lightningcss-linux-x64-gnu
65 silly reify mark deleted [
65 silly reify   'C:\\Users\\pc\\Documents\\GitHub\\AI-Builder-Sprint\\frontend\\node_modules\\@tailwindcss\\node\\node_modules\\lightningcss-linux-x64-gnu'
65 silly reify ]
66 verbose reify failed optional dependency C:\Users\pc\Documents\GitHub\AI-Builder-Sprint\frontend\node_modules\@tailwindcss\node\node_modules\lightningcss-linux-arm64-musl
67 silly reify mark deleted [
67 silly reify   'C:\\Users\\pc\\Documents\\GitHub\\AI-Builder-Sprint\\frontend\\node_modules\\@tailwindcss\\node\\node_modules\\lightningcss-linux-arm64-musl'
67 silly reify ]
68 verbose reify failed optional dependency C:\Users\pc\Documents\GitHub\AI-Builder-Sprint\frontend\node_modules\@tailwindcss\node\node_modules\lightningcss-linux-arm64-gnu
69 silly reify mark deleted [
69 silly reify   'C:\\Users\\pc\\Documents\\GitHub\\AI-Builder-Sprint\\frontend\\node_modules\\@tailwindcss\\node\\node_modules\\lightningcss-linux-arm64-gnu'
69 silly reify ]
70 verbose reify failed optional dependency C:\Users\pc\Documents\GitHub\AI-Builder-Sprint\frontend\node_modules\@tailwindcss\node\node_modules\lightningcss-linux-arm-gnueabihf
71 silly reify mark deleted [
71 silly reify   'C:\\Users\\pc\\Documents\\GitHub\\AI-Builder-Sprint\\frontend\\node_modules\\@tailwindcss\\node\\node_modules\\lightningcss-linux-arm-gnueabihf'
71 silly reify ]
72 verbose reify failed optional dependency C:\Users\pc\Documents\GitHub\AI-Builder-Sprint\frontend\node_modules\@tailwindcss\node\node_modules\lightningcss-freebsd-x64
73 silly reify mark deleted [
73 silly reify   'C:\\Users\\pc\\Documents\\GitHub\\AI-Builder-Sprint\\frontend\\node_modules\\@tailwindcss\\node\\node_modules\\lightningcss-freebsd-x64'
73 silly reify ]
74 verbose reify failed optional dependency C:\Users\pc\Documents\GitHub\AI-Builder-Sprint\frontend\node_modules\@tailwindcss\node\node_modules\lightningcss-darwin-x64
75 silly reify mark deleted [
75 silly reify   'C:\\Users\\pc\\Documents\\GitHub\\AI-Builder-Sprint\\frontend\\node_modules\\@tailwindcss\\node\\node_modules\\lightningcss-darwin-x64'
75 silly reify ]
76 verbose reify failed optional dependency C:\Users\pc\Documents\GitHub\AI-Builder-Sprint\frontend\node_modules\@tailwindcss\node\node_modules\lightningcss-darwin-arm64
77 silly reify mark deleted [
77 silly reify   'C:\\Users\\pc\\Documents\\GitHub\\AI-Builder-Sprint\\frontend\\node_modules\\@tailwindcss\\node\\node_modules\\lightningcss-darwin-arm64'
77 silly reify ]
78 verbose reify failed optional dependency C:\Users\pc\Documents\GitHub\AI-Builder-Sprint\frontend\node_modules\@tailwindcss\node\node_modules\lightningcss-android-arm64
79 silly reify mark deleted [
79 silly reify   'C:\\Users\\pc\\Documents\\GitHub\\AI-Builder-Sprint\\frontend\\node_modules\\@tailwindcss\\node\\node_modules\\lightningcss-android-arm64'
79 silly reify ]
80 verbose reify failed optional dependency C:\Users\pc\Documents\GitHub\AI-Builder-Sprint\frontend\node_modules\@rolldown\binding-win32-arm64-msvc
81 silly reify mark deleted [
81 silly reify   'C:\\Users\\pc\\Documents\\GitHub\\AI-Builder-Sprint\\frontend\\node_modules\\@rolldown\\binding-win32-arm64-msvc'
81 silly reify ]
82 verbose reify failed optional dependency C:\Users\pc\Documents\GitHub\AI-Builder-Sprint\frontend\node_modules\@rolldown\binding-wasm32-wasi
83 silly reify mark deleted [
83 silly reify   'C:\\Users\\pc\\Documents\\GitHub\\AI-Builder-Sprint\\frontend\\node_modules\\@rolldown\\binding-wasm32-wasi'
83 silly reify ]
84 verbose reify failed optional dependency C:\Users\pc\Documents\GitHub\AI-Builder-Sprint\frontend\node_modules\@rolldown\binding-openharmony-arm64
85 silly reify mark deleted [
85 silly reify   'C:\\Users\\pc\\Documents\\GitHub\\AI-Builder-Sprint\\frontend\\node_modules\\@rolldown\\binding-openharmony-arm64'
85 silly reify ]
86 verbose reify failed optional dependency C:\Users\pc\Documents\GitHub\AI-Builder-Sprint\frontend\node_modules\@rolldown\binding-linux-x64-musl
87 silly reify mark deleted [
87 silly reify   'C:\\Users\\pc\\Documents\\GitHub\\AI-Builder-Sprint\\frontend\\node_modules\\@rolldown\\binding-linux-x64-musl'
87 silly reify ]
88 verbose reify failed optional dependency C:\Users\pc\Documents\GitHub\AI-Builder-Sprint\frontend\node_modules\@rolldown\binding-linux-x64-gnu
89 silly reify mark deleted [
89 silly reify   'C:\\Users\\pc\\Documents\\GitHub\\AI-Builder-Sprint\\frontend\\node_modules\\@rolldown\\binding-linux-x64-gnu'
89 silly reify ]
90 verbose reify failed optional dependency C:\Users\pc\Documents\GitHub\AI-Builder-Sprint\frontend\node_modules\@rolldown\binding-linux-s390x-gnu
91 silly reify mark deleted [
91 silly reify   'C:\\Users\\pc\\Documents\\GitHub\\AI-Builder-Sprint\\frontend\\node_modules\\@rolldown\\binding-linux-s390x-gnu'
91 silly reify ]
92 verbose reify failed optional dependency C:\Users\pc\Documents\GitHub\AI-Builder-Sprint\frontend\node_modules\@rolldown\binding-linux-ppc64-gnu
93 silly reify mark deleted [
93 silly reify   'C:\\Users\\pc\\Documents\\GitHub\\AI-Builder-Sprint\\frontend\\node_modules\\@rolldown\\binding-linux-ppc64-gnu'
93 silly reify ]
94 verbose reify failed optional dependency C:\Users\pc\Documents\GitHub\AI-Builder-Sprint\frontend\node_modules\@rolldown\binding-linux-arm64-musl
95 silly reify mark deleted [
95 silly reify   'C:\\Users\\pc\\Documents\\GitHub\\AI-Builder-Sprint\\frontend\\node_modules\\@rolldown\\binding-linux-arm64-musl'
95 silly reify ]
96 verbose reify failed optional dependency C:\Users\pc\Documents\GitHub\AI-Builder-Sprint\frontend\node_modules\@rolldown\binding-linux-arm64-gnu
97 silly reify mark deleted [
97 silly reify   'C:\\Users\\pc\\Documents\\GitHub\\AI-Builder-Sprint\\frontend\\node_modules\\@rolldown\\binding-linux-arm64-gnu'
97 silly reify ]
98 verbose reify failed optional dependency C:\Users\pc\Documents\GitHub\AI-Builder-Sprint\frontend\node_modules\@rolldown\binding-linux-arm-gnueabihf
99 silly reify mark deleted [
99 silly reify   'C:\\Users\\pc\\Documents\\GitHub\\AI-Builder-Sprint\\frontend\\node_modules\\@rolldown\\binding-linux-arm-gnueabihf'
99 silly reify ]
100 verbose reify failed optional dependency C:\Users\pc\Documents\GitHub\AI-Builder-Sprint\frontend\node_modules\@rolldown\binding-freebsd-x64
101 silly reify mark deleted [
101 silly reify   'C:\\Users\\pc\\Documents\\GitHub\\AI-Builder-Sprint\\frontend\\node_modules\\@rolldown\\binding-freebsd-x64'
101 silly reify ]
102 verbose reify failed optional dependency C:\Users\pc\Documents\GitHub\AI-Builder-Sprint\frontend\node_modules\@rolldown\binding-darwin-x64
103 silly reify mark deleted [
103 silly reify   'C:\\Users\\pc\\Documents\\GitHub\\AI-Builder-Sprint\\frontend\\node_modules\\@rolldown\\binding-darwin-x64'
103 silly reify ]
104 verbose reify failed optional dependency C:\Users\pc\Documents\GitHub\AI-Builder-Sprint\frontend\node_modules\@rolldown\binding-darwin-arm64
105 silly reify mark deleted [
105 silly reify   'C:\\Users\\pc\\Documents\\GitHub\\AI-Builder-Sprint\\frontend\\node_modules\\@rolldown\\binding-darwin-arm64'
105 silly reify ]
106 verbose reify failed optional dependency C:\Users\pc\Documents\GitHub\AI-Builder-Sprint\frontend\node_modules\@rolldown\binding-android-arm64
107 silly reify mark deleted [
107 silly reify   'C:\\Users\\pc\\Documents\\GitHub\\AI-Builder-Sprint\\frontend\\node_modules\\@rolldown\\binding-android-arm64'
107 silly reify ]
108 verbose reify failed optional dependency C:\Users\pc\Documents\GitHub\AI-Builder-Sprint\frontend\node_modules\@oxlint\binding-win32-ia32-msvc
109 silly reify mark deleted [
109 silly reify   'C:\\Users\\pc\\Documents\\GitHub\\AI-Builder-Sprint\\frontend\\node_modules\\@oxlint\\binding-win32-ia32-msvc'
109 silly reify ]
110 verbose reify failed optional dependency C:\Users\pc\Documents\GitHub\AI-Builder-Sprint\frontend\node_modules\@oxlint\binding-win32-arm64-msvc
111 silly reify mark deleted [
111 silly reify   'C:\\Users\\pc\\Documents\\GitHub\\AI-Builder-Sprint\\frontend\\node_modules\\@oxlint\\binding-win32-arm64-msvc'
111 silly reify ]
112 verbose reify failed optional dependency C:\Users\pc\Documents\GitHub\AI-Builder-Sprint\frontend\node_modules\@oxlint\binding-openharmony-arm64
113 silly reify mark deleted [
113 silly reify   'C:\\Users\\pc\\Documents\\GitHub\\AI-Builder-Sprint\\frontend\\node_modules\\@oxlint\\binding-openharmony-arm64'
113 silly reify ]
114 verbose reify failed optional dependency C:\Users\pc\Documents\GitHub\AI-Builder-Sprint\frontend\node_modules\@oxlint\binding-linux-x64-musl
115 silly reify mark deleted [
115 silly reify   'C:\\Users\\pc\\Documents\\GitHub\\AI-Builder-Sprint\\frontend\\node_modules\\@oxlint\\binding-linux-x64-musl'
115 silly reify ]
116 verbose reify failed optional dependency C:\Users\pc\Documents\GitHub\AI-Builder-Sprint\frontend\node_modules\@oxlint\binding-linux-x64-gnu
117 silly reify mark deleted [
117 silly reify   'C:\\Users\\pc\\Documents\\GitHub\\AI-Builder-Sprint\\frontend\\node_modules\\@oxlint\\binding-linux-x64-gnu'
117 silly reify ]
118 verbose reify failed optional dependency C:\Users\pc\Documents\GitHub\AI-Builder-Sprint\frontend\node_modules\@oxlint\binding-linux-s390x-gnu
119 silly reify mark deleted [
119 silly reify   'C:\\Users\\pc\\Documents\\GitHub\\AI-Builder-Sprint\\frontend\\node_modules\\@oxlint\\binding-linux-s390x-gnu'
119 silly reify ]
120 verbose reify failed optional dependency C:\Users\pc\Documents\GitHub\AI-Builder-Sprint\frontend\node_modules\@oxlint\binding-linux-riscv64-musl
121 silly reify mark deleted [
121 silly reify   'C:\\Users\\pc\\Documents\\GitHub\\AI-Builder-Sprint\\frontend\\node_modules\\@oxlint\\binding-linux-riscv64-musl'
121 silly reify ]
122 verbose reify failed optional dependency C:\Users\pc\Documents\GitHub\AI-Builder-Sprint\frontend\node_modules\@oxlint\binding-linux-riscv64-gnu
123 silly reify mark deleted [
123 silly reify   'C:\\Users\\pc\\Documents\\GitHub\\AI-Builder-Sprint\\frontend\\node_modules\\@oxlint\\binding-linux-riscv64-gnu'
123 silly reify ]
124 verbose reify failed optional dependency C:\Users\pc\Documents\GitHub\AI-Builder-Sprint\frontend\node_modules\@oxlint\binding-linux-ppc64-gnu
125 silly reify mark deleted [
125 silly reify   'C:\\Users\\pc\\Documents\\GitHub\\AI-Builder-Sprint\\frontend\\node_modules\\@oxlint\\binding-linux-ppc64-gnu'
125 silly reify ]
126 verbose reify failed optional dependency C:\Users\pc\Documents\GitHub\AI-Builder-Sprint\frontend\node_modules\@oxlint\binding-linux-arm64-musl
127 silly reify mark deleted [
127 silly reify   'C:\\Users\\pc\\Documents\\GitHub\\AI-Builder-Sprint\\frontend\\node_modules\\@oxlint\\binding-linux-arm64-musl'
127 silly reify ]
128 verbose reify failed optional dependency C:\Users\pc\Documents\GitHub\AI-Builder-Sprint\frontend\node_modules\@oxlint\binding-linux-arm64-gnu
129 silly reify mark deleted [
129 silly reify   'C:\\Users\\pc\\Documents\\GitHub\\AI-Builder-Sprint\\frontend\\node_modules\\@oxlint\\binding-linux-arm64-gnu'
129 silly reify ]
130 verbose reify failed optional dependency C:\Users\pc\Documents\GitHub\AI-Builder-Sprint\frontend\node_modules\@oxlint\binding-linux-arm-musleabihf
131 silly reify mark deleted [
131 silly reify   'C:\\Users\\pc\\Documents\\GitHub\\AI-Builder-Sprint\\frontend\\node_modules\\@oxlint\\binding-linux-arm-musleabihf'
131 silly reify ]
132 verbose reify failed optional dependency C:\Users\pc\Documents\GitHub\AI-Builder-Sprint\frontend\node_modules\@oxlint\binding-linux-arm-gnueabihf
133 silly reify mark deleted [
133 silly reify   'C:\\Users\\pc\\Documents\\GitHub\\AI-Builder-Sprint\\frontend\\node_modules\\@oxlint\\binding-linux-arm-gnueabihf'
133 silly reify ]
134 verbose reify failed optional dependency C:\Users\pc\Documents\GitHub\AI-Builder-Sprint\frontend\node_modules\@oxlint\binding-freebsd-x64
135 silly reify mark deleted [
135 silly reify   'C:\\Users\\pc\\Documents\\GitHub\\AI-Builder-Sprint\\frontend\\node_modules\\@oxlint\\binding-freebsd-x64'
135 silly reify ]
136 verbose reify failed optional dependency C:\Users\pc\Documents\GitHub\AI-Builder-Sprint\frontend\node_modules\@oxlint\binding-darwin-x64
137 silly reify mark deleted [
137 silly reify   'C:\\Users\\pc\\Documents\\GitHub\\AI-Builder-Sprint\\frontend\\node_modules\\@oxlint\\binding-darwin-x64'
137 silly reify ]
138 verbose reify failed optional dependency C:\Users\pc\Documents\GitHub\AI-Builder-Sprint\frontend\node_modules\@oxlint\binding-darwin-arm64
139 silly reify mark deleted [
139 silly reify   'C:\\Users\\pc\\Documents\\GitHub\\AI-Builder-Sprint\\frontend\\node_modules\\@oxlint\\binding-darwin-arm64'
139 silly reify ]
140 verbose reify failed optional dependency C:\Users\pc\Documents\GitHub\AI-Builder-Sprint\frontend\node_modules\@oxlint\binding-android-arm64
141 silly reify mark deleted [
141 silly reify   'C:\\Users\\pc\\Documents\\GitHub\\AI-Builder-Sprint\\frontend\\node_modules\\@oxlint\\binding-android-arm64'
141 silly reify ]
142 verbose reify failed optional dependency C:\Users\pc\Documents\GitHub\AI-Builder-Sprint\frontend\node_modules\@oxlint\binding-android-arm-eabi
143 silly reify mark deleted [
143 silly reify   'C:\\Users\\pc\\Documents\\GitHub\\AI-Builder-Sprint\\frontend\\node_modules\\@oxlint\\binding-android-arm-eabi'
143 silly reify ]
144 http cache yocto-queue@https://registry.npmjs.org/yocto-queue/-/yocto-queue-0.1.0.tgz 1ms (cache hit)
145 http cache yallist@https://registry.npmjs.org/yallist/-/yallist-3.1.1.tgz 0ms (cache hit)
146 http cache zod-validation-error@https://registry.npmjs.org/zod-validation-error/-/zod-validation-error-4.0.2.tgz 1ms (cache hit)
147 http cache which@https://registry.npmjs.org/which/-/which-2.0.2.tgz 0ms (cache hit)
148 http cache zod@https://registry.npmjs.org/zod/-/zod-4.4.3.tgz 0ms (cache hit)
149 http cache uri-js@https://registry.npmjs.org/uri-js/-/uri-js-4.4.1.tgz 0ms (cache hit)
150 http cache word-wrap@https://registry.npmjs.org/word-wrap/-/word-wrap-1.2.5.tgz 0ms (cache hit)
151 http cache update-browserslist-db@https://registry.npmjs.org/update-browserslist-db/-/update-browserslist-db-1.2.3.tgz 0ms (cache hit)
152 http cache vite@https://registry.npmjs.org/vite/-/vite-8.1.5.tgz 0ms (cache hit)
153 http cache typescript-eslint@https://registry.npmjs.org/typescript-eslint/-/typescript-eslint-8.65.0.tgz 0ms (cache hit)
154 http cache tslib@https://registry.npmjs.org/tslib/-/tslib-2.8.1.tgz 0ms (cache hit)
155 http cache type-check@https://registry.npmjs.org/type-check/-/type-check-0.4.0.tgz 0ms (cache hit)
156 http cache typescript@https://registry.npmjs.org/typescript/-/typescript-6.0.3.tgz 0ms (cache hit)
157 http cache ts-api-utils@https://registry.npmjs.org/ts-api-utils/-/ts-api-utils-2.5.0.tgz 0ms (cache hit)
158 http cache shebang-regex@https://registry.npmjs.org/shebang-regex/-/shebang-regex-3.0.0.tgz 0ms (cache hit)
159 http cache tailwindcss@https://registry.npmjs.org/tailwindcss/-/tailwindcss-4.3.3.tgz 0ms (cache hit)
160 http cache source-map-js@https://registry.npmjs.org/source-map-js/-/source-map-js-1.2.1.tgz 0ms (cache hit)
161 http cache tinyglobby@https://registry.npmjs.org/tinyglobby/-/tinyglobby-0.2.17.tgz 0ms (cache hit)
162 http cache tapable@https://registry.npmjs.org/tapable/-/tapable-2.3.3.tgz 0ms (cache hit)
163 http cache shebang-command@https://registry.npmjs.org/shebang-command/-/shebang-command-2.0.0.tgz 0ms (cache hit)
164 http cache set-cookie-parser@https://registry.npmjs.org/set-cookie-parser/-/set-cookie-parser-2.7.2.tgz 0ms (cache hit)
165 http cache react-router-dom@https://registry.npmjs.org/react-router-dom/-/react-router-dom-7.18.1.tgz 0ms (cache hit)
166 http cache semver@https://registry.npmjs.org/semver/-/semver-6.3.1.tgz 0ms (cache hit)
167 http cache rolldown@https://registry.npmjs.org/rolldown/-/rolldown-1.1.5.tgz 0ms (cache hit)
168 http cache react@https://registry.npmjs.org/react/-/react-19.2.8.tgz 0ms (cache hit)
169 http cache react-dom@https://registry.npmjs.org/react-dom/-/react-dom-19.2.8.tgz 0ms (cache hit)
170 http cache proxy-from-env@https://registry.npmjs.org/proxy-from-env/-/proxy-from-env-2.1.0.tgz 0ms (cache hit)
171 http cache scheduler@https://registry.npmjs.org/scheduler/-/scheduler-0.27.0.tgz 0ms (cache hit)
172 http cache postcss@https://registry.npmjs.org/postcss/-/postcss-8.5.23.tgz 0ms (cache hit)
173 http cache punycode@https://registry.npmjs.org/punycode/-/punycode-2.3.1.tgz 0ms (cache hit)
174 http cache picomatch@https://registry.npmjs.org/picomatch/-/picomatch-4.0.5.tgz 0ms (cache hit)
175 http cache postcss-value-parser@https://registry.npmjs.org/postcss-value-parser/-/postcss-value-parser-4.2.0.tgz 0ms (cache hit)
176 http cache prelude-ls@https://registry.npmjs.org/prelude-ls/-/prelude-ls-1.2.1.tgz 0ms (cache hit)
177 http cache picocolors@https://registry.npmjs.org/picocolors/-/picocolors-1.1.1.tgz 0ms (cache hit)
178 http cache p-locate@https://registry.npmjs.org/p-locate/-/p-locate-5.0.0.tgz 0ms (cache hit)
179 http cache prettier@https://registry.npmjs.org/prettier/-/prettier-3.9.6.tgz 0ms (cache hit)
180 http cache react-router@https://registry.npmjs.org/react-router/-/react-router-7.18.1.tgz 0ms (cache hit)
181 http cache p-limit@https://registry.npmjs.org/p-limit/-/p-limit-3.1.0.tgz 0ms (cache hit)
182 http cache path-key@https://registry.npmjs.org/path-key/-/path-key-3.1.1.tgz 0ms (cache hit)
183 http cache path-exists@https://registry.npmjs.org/path-exists/-/path-exists-4.0.0.tgz 0ms (cache hit)
184 http cache optionator@https://registry.npmjs.org/optionator/-/optionator-0.9.4.tgz 0ms (cache hit)
185 http cache oxlint@https://registry.npmjs.org/oxlint/-/oxlint-1.76.0.tgz 0ms (cache hit)
186 http cache node-releases@https://registry.npmjs.org/node-releases/-/node-releases-2.0.51.tgz 0ms (cache hit)
187 http cache minimatch@https://registry.npmjs.org/minimatch/-/minimatch-10.2.6.tgz 0ms (cache hit)
188 http cache natural-compare@https://registry.npmjs.org/natural-compare/-/natural-compare-1.4.0.tgz 0ms (cache hit)
189 http cache math-intrinsics@https://registry.npmjs.org/math-intrinsics/-/math-intrinsics-1.1.0.tgz 0ms (cache hit)
190 http cache mime-types@https://registry.npmjs.org/mime-types/-/mime-types-2.1.35.tgz 0ms (cache hit)
191 http cache magic-string@https://registry.npmjs.org/magic-string/-/magic-string-0.30.21.tgz 0ms (cache hit)
192 http cache mime-db@https://registry.npmjs.org/mime-db/-/mime-db-1.52.0.tgz 0ms (cache hit)
193 http cache ms@https://registry.npmjs.org/ms/-/ms-2.1.3.tgz 0ms (cache hit)
194 http cache nanoid@https://registry.npmjs.org/nanoid/-/nanoid-3.3.16.tgz 0ms (cache hit)
195 http cache locate-path@https://registry.npmjs.org/locate-path/-/locate-path-6.0.0.tgz 0ms (cache hit)
196 http cache lightningcss-win32-x64-msvc@https://registry.npmjs.org/lightningcss-win32-x64-msvc/-/lightningcss-win32-x64-msvc-1.33.0.tgz 0ms (cache hit)
197 http cache json5@https://registry.npmjs.org/json5/-/json5-2.2.3.tgz 0ms (cache hit)
198 http cache lightningcss@https://registry.npmjs.org/lightningcss/-/lightningcss-1.33.0.tgz 0ms (cache hit)
199 http cache lru-cache@https://registry.npmjs.org/lru-cache/-/lru-cache-5.1.1.tgz 0ms (cache hit)
200 http cache lucide-react@https://registry.npmjs.org/lucide-react/-/lucide-react-1.27.0.tgz 0ms (cache hit)
201 http cache levn@https://registry.npmjs.org/levn/-/levn-0.4.1.tgz 0ms (cache hit)
202 http cache keyv@https://registry.npmjs.org/keyv/-/keyv-4.5.4.tgz 0ms (cache hit)
203 http cache json-stable-stringify-without-jsonify@https://registry.npmjs.org/json-stable-stringify-without-jsonify/-/json-stable-stringify-without-jsonify-1.0.1.tgz 0ms (cache hit)
204 http cache js-tokens@https://registry.npmjs.org/js-tokens/-/js-tokens-4.0.0.tgz 0ms (cache hit)
205 http cache json-buffer@https://registry.npmjs.org/json-buffer/-/json-buffer-3.0.1.tgz 0ms (cache hit)
206 http cache isexe@https://registry.npmjs.org/isexe/-/isexe-2.0.0.tgz 0ms (cache hit)
207 http cache json-schema-traverse@https://registry.npmjs.org/json-schema-traverse/-/json-schema-traverse-0.4.1.tgz 0ms (cache hit)
208 http cache jsesc@https://registry.npmjs.org/jsesc/-/jsesc-3.1.0.tgz 0ms (cache hit)
209 http cache jiti@https://registry.npmjs.org/jiti/-/jiti-2.7.0.tgz 0ms (cache hit)
210 http cache is-extglob@https://registry.npmjs.org/is-extglob/-/is-extglob-2.1.1.tgz 0ms (cache hit)
211 http cache imurmurhash@https://registry.npmjs.org/imurmurhash/-/imurmurhash-0.1.4.tgz 0ms (cache hit)
212 http cache https-proxy-agent@https://registry.npmjs.org/https-proxy-agent/-/https-proxy-agent-5.0.1.tgz 0ms (cache hit)
213 http cache hasown@https://registry.npmjs.org/hasown/-/hasown-2.0.4.tgz 0ms (cache hit)
214 http cache is-glob@https://registry.npmjs.org/is-glob/-/is-glob-4.0.3.tgz 0ms (cache hit)
215 http cache ignore@https://registry.npmjs.org/ignore/-/ignore-5.3.2.tgz 0ms (cache hit)
216 http cache has-tostringtag@https://registry.npmjs.org/has-tostringtag/-/has-tostringtag-1.0.2.tgz 0ms (cache hit)
217 http cache hermes-estree@https://registry.npmjs.org/hermes-estree/-/hermes-estree-0.25.1.tgz 0ms (cache hit)
218 http cache gopd@https://registry.npmjs.org/gopd/-/gopd-1.2.0.tgz 0ms (cache hit)
219 http cache graceful-fs@https://registry.npmjs.org/graceful-fs/-/graceful-fs-4.2.11.tgz 0ms (cache hit)
220 http cache glob-parent@https://registry.npmjs.org/glob-parent/-/glob-parent-6.0.2.tgz 0ms (cache hit)
221 http cache hermes-parser@https://registry.npmjs.org/hermes-parser/-/hermes-parser-0.25.1.tgz 0ms (cache hit)
222 http cache has-symbols@https://registry.npmjs.org/has-symbols/-/has-symbols-1.1.0.tgz 0ms (cache hit)
223 http cache get-intrinsic@https://registry.npmjs.org/get-intrinsic/-/get-intrinsic-1.3.0.tgz 0ms (cache hit)
224 http cache globals@https://registry.npmjs.org/globals/-/globals-17.8.0.tgz 0ms (cache hit)
225 http cache form-data@https://registry.npmjs.org/form-data/-/form-data-4.0.6.tgz 1ms (cache hit)
226 http cache follow-redirects@https://registry.npmjs.org/follow-redirects/-/follow-redirects-1.16.0.tgz 0ms (cache hit)
227 http cache function-bind@https://registry.npmjs.org/function-bind/-/function-bind-1.1.2.tgz 0ms (cache hit)
228 http cache fraction.js@https://registry.npmjs.org/fraction.js/-/fraction.js-5.3.4.tgz 0ms (cache hit)
229 http cache gensync@https://registry.npmjs.org/gensync/-/gensync-1.0.0-beta.2.tgz 0ms (cache hit)
230 http cache get-proto@https://registry.npmjs.org/get-proto/-/get-proto-1.0.1.tgz 0ms (cache hit)
231 http cache flatted@https://registry.npmjs.org/flatted/-/flatted-3.4.3.tgz 0ms (cache hit)
232 http cache file-entry-cache@https://registry.npmjs.org/file-entry-cache/-/file-entry-cache-8.0.0.tgz 0ms (cache hit)
233 http cache fast-levenshtein@https://registry.npmjs.org/fast-levenshtein/-/fast-levenshtein-2.0.6.tgz 0ms (cache hit)
234 http cache fast-json-stable-stringify@https://registry.npmjs.org/fast-json-stable-stringify/-/fast-json-stable-stringify-2.1.0.tgz 0ms (cache hit)
235 http cache fdir@https://registry.npmjs.org/fdir/-/fdir-6.5.0.tgz 0ms (cache hit)
236 http cache find-up@https://registry.npmjs.org/find-up/-/find-up-5.0.0.tgz 0ms (cache hit)
237 http cache fast-deep-equal@https://registry.npmjs.org/fast-deep-equal/-/fast-deep-equal-3.1.3.tgz 0ms (cache hit)
238 http cache esutils@https://registry.npmjs.org/esutils/-/esutils-2.0.3.tgz 0ms (cache hit)
239 http cache espree@https://registry.npmjs.org/espree/-/espree-11.2.0.tgz 0ms (cache hit)
240 http cache esquery@https://registry.npmjs.org/esquery/-/esquery-1.7.0.tgz 0ms (cache hit)
241 http cache eslint-scope@https://registry.npmjs.org/eslint-scope/-/eslint-scope-9.1.2.tgz 0ms (cache hit)
242 http cache eslint-plugin-react-refresh@https://registry.npmjs.org/eslint-plugin-react-refresh/-/eslint-plugin-react-refresh-0.5.3.tgz 0ms (cache hit)
243 http cache estraverse@https://registry.npmjs.org/estraverse/-/estraverse-5.3.0.tgz 0ms (cache hit)
244 http cache esrecurse@https://registry.npmjs.org/esrecurse/-/esrecurse-4.3.0.tgz 0ms (cache hit)
245 http cache flat-cache@https://registry.npmjs.org/flat-cache/-/flat-cache-4.0.1.tgz 0ms (cache hit)
246 http cache eslint-visitor-keys@https://registry.npmjs.org/eslint-visitor-keys/-/eslint-visitor-keys-5.0.1.tgz 0ms (cache hit)
247 http cache eslint@https://registry.npmjs.org/eslint/-/eslint-10.8.0.tgz 0ms (cache hit)
248 http cache es-set-tostringtag@https://registry.npmjs.org/es-set-tostringtag/-/es-set-tostringtag-2.1.0.tgz 0ms (cache hit)
249 http cache escalade@https://registry.npmjs.org/escalade/-/escalade-3.2.0.tgz 0ms (cache hit)
250 http cache eslint-plugin-react-hooks@https://registry.npmjs.org/eslint-plugin-react-hooks/-/eslint-plugin-react-hooks-7.1.1.tgz 0ms (cache hit)
251 http cache es-object-atoms@https://registry.npmjs.org/es-object-atoms/-/es-object-atoms-1.1.2.tgz 0ms (cache hit)
252 http cache escape-string-regexp@https://registry.npmjs.org/escape-string-regexp/-/escape-string-regexp-4.0.0.tgz 0ms (cache hit)
253 http cache enhanced-resolve@https://registry.npmjs.org/enhanced-resolve/-/enhanced-resolve-5.24.3.tgz 0ms (cache hit)
254 http cache dunder-proto@https://registry.npmjs.org/dunder-proto/-/dunder-proto-1.0.1.tgz 0ms (cache hit)
255 http cache es-errors@https://registry.npmjs.org/es-errors/-/es-errors-1.3.0.tgz 0ms (cache hit)
256 http cache detect-libc@https://registry.npmjs.org/detect-libc/-/detect-libc-2.1.2.tgz 0ms (cache hit)
257 http cache es-define-property@https://registry.npmjs.org/es-define-property/-/es-define-property-1.0.1.tgz 0ms (cache hit)
258 http cache delayed-stream@https://registry.npmjs.org/delayed-stream/-/delayed-stream-1.0.0.tgz 0ms (cache hit)
259 http cache electron-to-chromium@https://registry.npmjs.org/electron-to-chromium/-/electron-to-chromium-1.5.396.tgz 0ms (cache hit)
260 http cache csstype@https://registry.npmjs.org/csstype/-/csstype-3.2.3.tgz 0ms (cache hit)
261 http cache cookie@https://registry.npmjs.org/cookie/-/cookie-1.1.1.tgz 0ms (cache hit)
262 http cache deep-is@https://registry.npmjs.org/deep-is/-/deep-is-0.1.4.tgz 0ms (cache hit)
263 http cache debug@https://registry.npmjs.org/debug/-/debug-4.4.3.tgz 0ms (cache hit)
264 http cache convert-source-map@https://registry.npmjs.org/convert-source-map/-/convert-source-map-2.0.0.tgz 0ms (cache hit)
265 http cache combined-stream@https://registry.npmjs.org/combined-stream/-/combined-stream-1.0.8.tgz 0ms (cache hit)
266 http cache call-bind-apply-helpers@https://registry.npmjs.org/call-bind-apply-helpers/-/call-bind-apply-helpers-1.0.2.tgz 0ms (cache hit)
267 http cache browserslist@https://registry.npmjs.org/browserslist/-/browserslist-4.28.7.tgz 0ms (cache hit)
268 http cache caniuse-lite@https://registry.npmjs.org/caniuse-lite/-/caniuse-lite-1.0.30001806.tgz 0ms (cache hit)
269 http cache baseline-browser-mapping@https://registry.npmjs.org/baseline-browser-mapping/-/baseline-browser-mapping-2.11.5.tgz 0ms (cache hit)
270 http cache cross-spawn@https://registry.npmjs.org/cross-spawn/-/cross-spawn-7.0.6.tgz 0ms (cache hit)
271 http cache balanced-match@https://registry.npmjs.org/balanced-match/-/balanced-match-4.0.4.tgz 0ms (cache hit)
272 http cache autoprefixer@https://registry.npmjs.org/autoprefixer/-/autoprefixer-10.5.4.tgz 0ms (cache hit)
273 http cache asynckit@https://registry.npmjs.org/asynckit/-/asynckit-0.4.0.tgz 0ms (cache hit)
274 http cache axios@https://registry.npmjs.org/axios/-/axios-1.18.1.tgz 0ms (cache hit)
275 http cache brace-expansion@https://registry.npmjs.org/brace-expansion/-/brace-expansion-5.0.8.tgz 0ms (cache hit)
276 http cache ajv@https://registry.npmjs.org/ajv/-/ajv-6.15.0.tgz 0ms (cache hit)
277 http cache @typescript-eslint/visitor-keys@https://registry.npmjs.org/@typescript-eslint/visitor-keys/-/visitor-keys-8.65.0.tgz 0ms (cache hit)
278 http cache @vitejs/plugin-react@https://registry.npmjs.org/@vitejs/plugin-react/-/plugin-react-6.0.4.tgz 0ms (cache hit)
279 http cache @typescript-eslint/utils@https://registry.npmjs.org/@typescript-eslint/utils/-/utils-8.65.0.tgz 0ms (cache hit)
280 http cache acorn@https://registry.npmjs.org/acorn/-/acorn-8.18.0.tgz 0ms (cache hit)
281 http cache agent-base@https://registry.npmjs.org/agent-base/-/agent-base-6.0.2.tgz 0ms (cache hit)
282 http cache @typescript-eslint/type-utils@https://registry.npmjs.org/@typescript-eslint/type-utils/-/type-utils-8.65.0.tgz 0ms (cache hit)
283 http cache @typescript-eslint/types@https://registry.npmjs.org/@typescript-eslint/types/-/types-8.65.0.tgz 0ms (cache hit)
284 http cache @typescript-eslint/tsconfig-utils@https://registry.npmjs.org/@typescript-eslint/tsconfig-utils/-/tsconfig-utils-8.65.0.tgz 0ms (cache hit)
285 http cache acorn-jsx@https://registry.npmjs.org/acorn-jsx/-/acorn-jsx-5.3.2.tgz 0ms (cache hit)
286 http cache @typescript-eslint/typescript-estree@https://registry.npmjs.org/@typescript-eslint/typescript-estree/-/typescript-estree-8.65.0.tgz 0ms (cache hit)
287 http cache @typescript-eslint/scope-manager@https://registry.npmjs.org/@typescript-eslint/scope-manager/-/scope-manager-8.65.0.tgz 0ms (cache hit)
288 http cache @typescript-eslint/parser@https://registry.npmjs.org/@typescript-eslint/parser/-/parser-8.65.0.tgz 0ms (cache hit)
289 http cache @typescript-eslint/eslint-plugin@https://registry.npmjs.org/@typescript-eslint/eslint-plugin/-/eslint-plugin-8.65.0.tgz 0ms (cache hit)
290 http cache @typescript-eslint/project-service@https://registry.npmjs.org/@typescript-eslint/project-service/-/project-service-8.65.0.tgz 0ms (cache hit)
291 http cache @types/react@https://registry.npmjs.org/@types/react/-/react-19.2.17.tgz 0ms (cache hit)
292 http cache @types/estree@https://registry.npmjs.org/@types/estree/-/estree-1.0.9.tgz 0ms (cache hit)
293 http cache @tybys/wasm-util@https://registry.npmjs.org/@tybys/wasm-util/-/wasm-util-0.10.3.tgz 0ms (cache hit)
294 http cache @tailwindcss/oxide-win32-x64-msvc@https://registry.npmjs.org/@tailwindcss/oxide-win32-x64-msvc/-/oxide-win32-x64-msvc-4.3.3.tgz 0ms (cache hit)
295 http cache @types/json-schema@https://registry.npmjs.org/@types/json-schema/-/json-schema-7.0.15.tgz 0ms (cache hit)
296 http cache @types/esrecurse@https://registry.npmjs.org/@types/esrecurse/-/esrecurse-4.3.1.tgz 0ms (cache hit)
297 http cache @types/react-dom@https://registry.npmjs.org/@types/react-dom/-/react-dom-19.2.3.tgz 0ms (cache hit)
298 http cache @tailwindcss/node@https://registry.npmjs.org/@tailwindcss/node/-/node-4.3.3.tgz 0ms (cache hit)
299 http cache @oxlint/binding-win32-x64-msvc@https://registry.npmjs.org/@oxlint/binding-win32-x64-msvc/-/binding-win32-x64-msvc-1.76.0.tgz 0ms (cache hit)
300 http cache @rolldown/pluginutils@https://registry.npmjs.org/@rolldown/pluginutils/-/pluginutils-1.0.1.tgz 0ms (cache hit)
301 http cache @tailwindcss/vite@https://registry.npmjs.org/@tailwindcss/vite/-/vite-4.3.3.tgz 0ms (cache hit)
302 http cache @jridgewell/trace-mapping@https://registry.npmjs.org/@jridgewell/trace-mapping/-/trace-mapping-0.3.31.tgz 0ms (cache hit)
303 http cache @jridgewell/sourcemap-codec@https://registry.npmjs.org/@jridgewell/sourcemap-codec/-/sourcemap-codec-1.5.5.tgz 0ms (cache hit)
304 http cache @oxc-project/types@https://registry.npmjs.org/@oxc-project/types/-/types-0.139.0.tgz 0ms (cache hit)
305 http cache @rolldown/binding-win32-x64-msvc@https://registry.npmjs.org/@rolldown/binding-win32-x64-msvc/-/binding-win32-x64-msvc-1.1.5.tgz 0ms (cache hit)
306 http cache @jridgewell/resolve-uri@https://registry.npmjs.org/@jridgewell/resolve-uri/-/resolve-uri-3.1.2.tgz 0ms (cache hit)
307 http cache @jridgewell/remapping@https://registry.npmjs.org/@jridgewell/remapping/-/remapping-2.3.5.tgz 0ms (cache hit)
308 http cache @napi-rs/wasm-runtime@https://registry.npmjs.org/@napi-rs/wasm-runtime/-/wasm-runtime-1.1.6.tgz 0ms (cache hit)
309 http cache @humanfs/node@https://registry.npmjs.org/@humanfs/node/-/node-0.16.8.tgz 0ms (cache hit)
310 http cache @humanfs/types@https://registry.npmjs.org/@humanfs/types/-/types-0.15.0.tgz 0ms (cache hit)
311 http cache @eslint/plugin-kit@https://registry.npmjs.org/@eslint/plugin-kit/-/plugin-kit-0.7.2.tgz 0ms (cache hit)
312 http cache @humanwhocodes/retry@https://registry.npmjs.org/@humanwhocodes/retry/-/retry-0.4.3.tgz 0ms (cache hit)
313 http cache @eslint/object-schema@https://registry.npmjs.org/@eslint/object-schema/-/object-schema-3.0.5.tgz 0ms (cache hit)
314 http cache @eslint/js@https://registry.npmjs.org/@eslint/js/-/js-10.0.1.tgz 0ms (cache hit)
315 http cache @tailwindcss/oxide@https://registry.npmjs.org/@tailwindcss/oxide/-/oxide-4.3.3.tgz 0ms (cache hit)
316 http cache @humanfs/core@https://registry.npmjs.org/@humanfs/core/-/core-0.19.2.tgz 0ms (cache hit)
317 http cache @jridgewell/gen-mapping@https://registry.npmjs.org/@jridgewell/gen-mapping/-/gen-mapping-0.3.13.tgz 0ms (cache hit)
318 http cache @eslint/config-helpers@https://registry.npmjs.org/@eslint/config-helpers/-/config-helpers-0.7.0.tgz 0ms (cache hit)
319 http cache @emnapi/wasi-threads@https://registry.npmjs.org/@emnapi/wasi-threads/-/wasi-threads-1.2.2.tgz 0ms (cache hit)
320 http cache @eslint/config-array@https://registry.npmjs.org/@eslint/config-array/-/config-array-0.23.5.tgz 0ms (cache hit)
321 http cache @emnapi/runtime@https://registry.npmjs.org/@emnapi/runtime/-/runtime-1.11.1.tgz 0ms (cache hit)
322 http cache @eslint/core@https://registry.npmjs.org/@eslint/core/-/core-1.2.1.tgz 0ms (cache hit)
323 http cache @emnapi/core@https://registry.npmjs.org/@emnapi/core/-/core-1.11.1.tgz 0ms (cache hit)
324 http cache @babel/types@https://registry.npmjs.org/@babel/types/-/types-7.29.7.tgz 0ms (cache hit)
325 http cache @babel/traverse@https://registry.npmjs.org/@babel/traverse/-/traverse-7.29.7.tgz 0ms (cache hit)
326 http cache @babel/helpers@https://registry.npmjs.org/@babel/helpers/-/helpers-7.29.7.tgz 0ms (cache hit)
327 http cache @humanwhocodes/module-importer@https://registry.npmjs.org/@humanwhocodes/module-importer/-/module-importer-1.0.1.tgz 0ms (cache hit)
328 http cache @babel/parser@https://registry.npmjs.org/@babel/parser/-/parser-7.29.7.tgz 0ms (cache hit)
329 http cache @babel/template@https://registry.npmjs.org/@babel/template/-/template-7.29.7.tgz 0ms (cache hit)
330 http cache @babel/helper-string-parser@https://registry.npmjs.org/@babel/helper-string-parser/-/helper-string-parser-7.29.7.tgz 0ms (cache hit)
331 http cache @babel/helper-validator-identifier@https://registry.npmjs.org/@babel/helper-validator-identifier/-/helper-validator-identifier-7.29.7.tgz 0ms (cache hit)
332 http cache @babel/helper-module-transforms@https://registry.npmjs.org/@babel/helper-module-transforms/-/helper-module-transforms-7.29.7.tgz 0ms (cache hit)
333 http cache @babel/helper-module-imports@https://registry.npmjs.org/@babel/helper-module-imports/-/helper-module-imports-7.29.7.tgz 0ms (cache hit)
334 http cache @babel/helper-validator-option@https://registry.npmjs.org/@babel/helper-validator-option/-/helper-validator-option-7.29.7.tgz 0ms (cache hit)
335 http cache @babel/helper-globals@https://registry.npmjs.org/@babel/helper-globals/-/helper-globals-7.29.7.tgz 0ms (cache hit)
336 http cache @babel/helper-compilation-targets@https://registry.npmjs.org/@babel/helper-compilation-targets/-/helper-compilation-targets-7.29.7.tgz 0ms (cache hit)
337 http cache @babel/compat-data@https://registry.npmjs.org/@babel/compat-data/-/compat-data-7.29.7.tgz 0ms (cache hit)
338 http cache @babel/generator@https://registry.npmjs.org/@babel/generator/-/generator-7.29.7.tgz 0ms (cache hit)
339 http cache @babel/code-frame@https://registry.npmjs.org/@babel/code-frame/-/code-frame-7.29.7.tgz 0ms (cache hit)
340 http cache ignore@https://registry.npmjs.org/ignore/-/ignore-7.0.6.tgz 0ms (cache hit)
341 http cache @eslint-community/regexpp@https://registry.npmjs.org/@eslint-community/regexpp/-/regexpp-4.12.2.tgz 0ms (cache hit)
342 http cache @eslint-community/eslint-utils@https://registry.npmjs.org/@eslint-community/eslint-utils/-/eslint-utils-4.10.1.tgz 0ms (cache hit)
343 http cache lightningcss-win32-x64-msvc@https://registry.npmjs.org/lightningcss-win32-x64-msvc/-/lightningcss-win32-x64-msvc-1.32.0.tgz 1ms (cache hit)
344 http cache lightningcss@https://registry.npmjs.org/lightningcss/-/lightningcss-1.32.0.tgz 0ms (cache hit)
345 http cache semver@https://registry.npmjs.org/semver/-/semver-7.8.5.tgz 0ms (cache hit)
346 silly tarball no local data for yocto-queue@https://registry.npmjs.org/yocto-queue/-/yocto-queue-0.1.0.tgz. Extracting by manifest.
347 silly tarball no local data for yallist@https://registry.npmjs.org/yallist/-/yallist-3.1.1.tgz. Extracting by manifest.
348 silly tarball no local data for zod-validation-error@https://registry.npmjs.org/zod-validation-error/-/zod-validation-error-4.0.2.tgz. Extracting by manifest.
349 silly tarball no local data for which@https://registry.npmjs.org/which/-/which-2.0.2.tgz. Extracting by manifest.
350 silly tarball no local data for zod@https://registry.npmjs.org/zod/-/zod-4.4.3.tgz. Extracting by manifest.
351 silly tarball no local data for uri-js@https://registry.npmjs.org/uri-js/-/uri-js-4.4.1.tgz. Extracting by manifest.
352 silly tarball no local data for word-wrap@https://registry.npmjs.org/word-wrap/-/word-wrap-1.2.5.tgz. Extracting by manifest.
353 silly tarball no local data for update-browserslist-db@https://registry.npmjs.org/update-browserslist-db/-/update-browserslist-db-1.2.3.tgz. Extracting by manifest.
354 http cache @babel/core@https://registry.npmjs.org/@babel/core/-/core-7.29.7.tgz 0ms (cache hit)
355 silly tarball no local data for vite@https://registry.npmjs.org/vite/-/vite-8.1.5.tgz. Extracting by manifest.
356 silly tarball no local data for typescript-eslint@https://registry.npmjs.org/typescript-eslint/-/typescript-eslint-8.65.0.tgz. Extracting by manifest.
357 silly tarball no local data for tslib@https://registry.npmjs.org/tslib/-/tslib-2.8.1.tgz. Extracting by manifest.
358 silly tarball no local data for type-check@https://registry.npmjs.org/type-check/-/type-check-0.4.0.tgz. Extracting by manifest.
359 silly tarball no local data for typescript@https://registry.npmjs.org/typescript/-/typescript-6.0.3.tgz. Extracting by manifest.
360 silly tarball no local data for ts-api-utils@https://registry.npmjs.org/ts-api-utils/-/ts-api-utils-2.5.0.tgz. Extracting by manifest.
361 silly tarball no local data for shebang-regex@https://registry.npmjs.org/shebang-regex/-/shebang-regex-3.0.0.tgz. Extracting by manifest.
362 silly tarball no local data for tailwindcss@https://registry.npmjs.org/tailwindcss/-/tailwindcss-4.3.3.tgz. Extracting by manifest.
363 silly tarball no local data for source-map-js@https://registry.npmjs.org/source-map-js/-/source-map-js-1.2.1.tgz. Extracting by manifest.
364 silly tarball no local data for tinyglobby@https://registry.npmjs.org/tinyglobby/-/tinyglobby-0.2.17.tgz. Extracting by manifest.
365 silly tarball no local data for tapable@https://registry.npmjs.org/tapable/-/tapable-2.3.3.tgz. Extracting by manifest.
366 silly tarball no local data for shebang-command@https://registry.npmjs.org/shebang-command/-/shebang-command-2.0.0.tgz. Extracting by manifest.
367 silly tarball no local data for set-cookie-parser@https://registry.npmjs.org/set-cookie-parser/-/set-cookie-parser-2.7.2.tgz. Extracting by manifest.
368 silly tarball no local data for react-router-dom@https://registry.npmjs.org/react-router-dom/-/react-router-dom-7.18.1.tgz. Extracting by manifest.
369 silly tarball no local data for semver@https://registry.npmjs.org/semver/-/semver-6.3.1.tgz. Extracting by manifest.
370 silly tarball no local data for rolldown@https://registry.npmjs.org/rolldown/-/rolldown-1.1.5.tgz. Extracting by manifest.
371 silly tarball no local data for react@https://registry.npmjs.org/react/-/react-19.2.8.tgz. Extracting by manifest.
372 silly tarball no local data for react-dom@https://registry.npmjs.org/react-dom/-/react-dom-19.2.8.tgz. Extracting by manifest.
373 http cache eslint-visitor-keys@https://registry.npmjs.org/eslint-visitor-keys/-/eslint-visitor-keys-3.4.3.tgz 0ms (cache hit)
374 silly tarball no local data for proxy-from-env@https://registry.npmjs.org/proxy-from-env/-/proxy-from-env-2.1.0.tgz. Extracting by manifest.
375 silly tarball no local data for scheduler@https://registry.npmjs.org/scheduler/-/scheduler-0.27.0.tgz. Extracting by manifest.
376 silly tarball no local data for postcss@https://registry.npmjs.org/postcss/-/postcss-8.5.23.tgz. Extracting by manifest.
377 silly tarball no local data for punycode@https://registry.npmjs.org/punycode/-/punycode-2.3.1.tgz. Extracting by manifest.
378 silly tarball no local data for picomatch@https://registry.npmjs.org/picomatch/-/picomatch-4.0.5.tgz. Extracting by manifest.
379 silly tarball no local data for postcss-value-parser@https://registry.npmjs.org/postcss-value-parser/-/postcss-value-parser-4.2.0.tgz. Extracting by manifest.
380 silly tarball no local data for prelude-ls@https://registry.npmjs.org/prelude-ls/-/prelude-ls-1.2.1.tgz. Extracting by manifest.
381 silly tarball no local data for picocolors@https://registry.npmjs.org/picocolors/-/picocolors-1.1.1.tgz. Extracting by manifest.
382 silly tarball no local data for p-locate@https://registry.npmjs.org/p-locate/-/p-locate-5.0.0.tgz. Extracting by manifest.
383 silly tarball no local data for prettier@https://registry.npmjs.org/prettier/-/prettier-3.9.6.tgz. Extracting by manifest.
384 silly tarball no local data for react-router@https://registry.npmjs.org/react-router/-/react-router-7.18.1.tgz. Extracting by manifest.
385 silly tarball no local data for p-limit@https://registry.npmjs.org/p-limit/-/p-limit-3.1.0.tgz. Extracting by manifest.
386 silly tarball no local data for path-key@https://registry.npmjs.org/path-key/-/path-key-3.1.1.tgz. Extracting by manifest.
387 silly tarball no local data for path-exists@https://registry.npmjs.org/path-exists/-/path-exists-4.0.0.tgz. Extracting by manifest.
388 silly tarball no local data for optionator@https://registry.npmjs.org/optionator/-/optionator-0.9.4.tgz. Extracting by manifest.
389 silly tarball no local data for oxlint@https://registry.npmjs.org/oxlint/-/oxlint-1.76.0.tgz. Extracting by manifest.
390 silly tarball no local data for node-releases@https://registry.npmjs.org/node-releases/-/node-releases-2.0.51.tgz. Extracting by manifest.
391 silly tarball no local data for minimatch@https://registry.npmjs.org/minimatch/-/minimatch-10.2.6.tgz. Extracting by manifest.
392 silly tarball no local data for natural-compare@https://registry.npmjs.org/natural-compare/-/natural-compare-1.4.0.tgz. Extracting by manifest.
393 silly tarball no local data for math-intrinsics@https://registry.npmjs.org/math-intrinsics/-/math-intrinsics-1.1.0.tgz. Extracting by manifest.
394 silly tarball no local data for mime-types@https://registry.npmjs.org/mime-types/-/mime-types-2.1.35.tgz. Extracting by manifest.
395 silly tarball no local data for magic-string@https://registry.npmjs.org/magic-string/-/magic-string-0.30.21.tgz. Extracting by manifest.
396 silly tarball no local data for mime-db@https://registry.npmjs.org/mime-db/-/mime-db-1.52.0.tgz. Extracting by manifest.
397 silly tarball no local data for ms@https://registry.npmjs.org/ms/-/ms-2.1.3.tgz. Extracting by manifest.
398 silly tarball no local data for nanoid@https://registry.npmjs.org/nanoid/-/nanoid-3.3.16.tgz. Extracting by manifest.
399 silly tarball no local data for locate-path@https://registry.npmjs.org/locate-path/-/locate-path-6.0.0.tgz. Extracting by manifest.
400 silly tarball no local data for lightningcss-win32-x64-msvc@https://registry.npmjs.org/lightningcss-win32-x64-msvc/-/lightningcss-win32-x64-msvc-1.33.0.tgz. Extracting by manifest.
401 silly tarball no local data for json5@https://registry.npmjs.org/json5/-/json5-2.2.3.tgz. Extracting by manifest.
402 silly tarball no local data for lightningcss@https://registry.npmjs.org/lightningcss/-/lightningcss-1.33.0.tgz. Extracting by manifest.
403 silly tarball no local data for lru-cache@https://registry.npmjs.org/lru-cache/-/lru-cache-5.1.1.tgz. Extracting by manifest.
404 silly tarball no local data for lucide-react@https://registry.npmjs.org/lucide-react/-/lucide-react-1.27.0.tgz. Extracting by manifest.
405 silly tarball no local data for levn@https://registry.npmjs.org/levn/-/levn-0.4.1.tgz. Extracting by manifest.
406 silly tarball no local data for keyv@https://registry.npmjs.org/keyv/-/keyv-4.5.4.tgz. Extracting by manifest.
407 silly tarball no local data for json-stable-stringify-without-jsonify@https://registry.npmjs.org/json-stable-stringify-without-jsonify/-/json-stable-stringify-without-jsonify-1.0.1.tgz. Extracting by manifest.
408 silly tarball no local data for js-tokens@https://registry.npmjs.org/js-tokens/-/js-tokens-4.0.0.tgz. Extracting by manifest.
409 silly tarball no local data for json-buffer@https://registry.npmjs.org/json-buffer/-/json-buffer-3.0.1.tgz. Extracting by manifest.
410 silly tarball no local data for isexe@https://registry.npmjs.org/isexe/-/isexe-2.0.0.tgz. Extracting by manifest.
411 silly tarball no local data for json-schema-traverse@https://registry.npmjs.org/json-schema-traverse/-/json-schema-traverse-0.4.1.tgz. Extracting by manifest.
412 silly tarball no local data for jsesc@https://registry.npmjs.org/jsesc/-/jsesc-3.1.0.tgz. Extracting by manifest.
413 silly tarball no local data for jiti@https://registry.npmjs.org/jiti/-/jiti-2.7.0.tgz. Extracting by manifest.
414 silly tarball no local data for is-extglob@https://registry.npmjs.org/is-extglob/-/is-extglob-2.1.1.tgz. Extracting by manifest.
415 silly tarball no local data for imurmurhash@https://registry.npmjs.org/imurmurhash/-/imurmurhash-0.1.4.tgz. Extracting by manifest.
416 silly tarball no local data for https-proxy-agent@https://registry.npmjs.org/https-proxy-agent/-/https-proxy-agent-5.0.1.tgz. Extracting by manifest.
417 silly tarball no local data for hasown@https://registry.npmjs.org/hasown/-/hasown-2.0.4.tgz. Extracting by manifest.
418 silly tarball no local data for is-glob@https://registry.npmjs.org/is-glob/-/is-glob-4.0.3.tgz. Extracting by manifest.
419 silly tarball no local data for ignore@https://registry.npmjs.org/ignore/-/ignore-5.3.2.tgz. Extracting by manifest.
420 silly tarball no local data for has-tostringtag@https://registry.npmjs.org/has-tostringtag/-/has-tostringtag-1.0.2.tgz. Extracting by manifest.
421 silly tarball no local data for hermes-estree@https://registry.npmjs.org/hermes-estree/-/hermes-estree-0.25.1.tgz. Extracting by manifest.
422 silly tarball no local data for gopd@https://registry.npmjs.org/gopd/-/gopd-1.2.0.tgz. Extracting by manifest.
423 silly tarball no local data for graceful-fs@https://registry.npmjs.org/graceful-fs/-/graceful-fs-4.2.11.tgz. Extracting by manifest.
424 silly tarball no local data for glob-parent@https://registry.npmjs.org/glob-parent/-/glob-parent-6.0.2.tgz. Extracting by manifest.
425 silly tarball no local data for hermes-parser@https://registry.npmjs.org/hermes-parser/-/hermes-parser-0.25.1.tgz. Extracting by manifest.
426 silly tarball no local data for has-symbols@https://registry.npmjs.org/has-symbols/-/has-symbols-1.1.0.tgz. Extracting by manifest.
427 silly tarball no local data for get-intrinsic@https://registry.npmjs.org/get-intrinsic/-/get-intrinsic-1.3.0.tgz. Extracting by manifest.
428 silly tarball no local data for globals@https://registry.npmjs.org/globals/-/globals-17.8.0.tgz. Extracting by manifest.
429 silly tarball no local data for form-data@https://registry.npmjs.org/form-data/-/form-data-4.0.6.tgz. Extracting by manifest.
430 silly tarball no local data for follow-redirects@https://registry.npmjs.org/follow-redirects/-/follow-redirects-1.16.0.tgz. Extracting by manifest.
431 silly tarball no local data for function-bind@https://registry.npmjs.org/function-bind/-/function-bind-1.1.2.tgz. Extracting by manifest.
432 silly tarball no local data for fraction.js@https://registry.npmjs.org/fraction.js/-/fraction.js-5.3.4.tgz. Extracting by manifest.
433 silly tarball no local data for gensync@https://registry.npmjs.org/gensync/-/gensync-1.0.0-beta.2.tgz. Extracting by manifest.
434 silly tarball no local data for get-proto@https://registry.npmjs.org/get-proto/-/get-proto-1.0.1.tgz. Extracting by manifest.
435 silly tarball no local data for flatted@https://registry.npmjs.org/flatted/-/flatted-3.4.3.tgz. Extracting by manifest.
436 silly tarball no local data for file-entry-cache@https://registry.npmjs.org/file-entry-cache/-/file-entry-cache-8.0.0.tgz. Extracting by manifest.
437 silly tarball no local data for fast-levenshtein@https://registry.npmjs.org/fast-levenshtein/-/fast-levenshtein-2.0.6.tgz. Extracting by manifest.
438 silly tarball no local data for fast-json-stable-stringify@https://registry.npmjs.org/fast-json-stable-stringify/-/fast-json-stable-stringify-2.1.0.tgz. Extracting by manifest.
439 silly tarball no local data for fdir@https://registry.npmjs.org/fdir/-/fdir-6.5.0.tgz. Extracting by manifest.
440 silly tarball no local data for find-up@https://registry.npmjs.org/find-up/-/find-up-5.0.0.tgz. Extracting by manifest.
441 silly tarball no local data for fast-deep-equal@https://registry.npmjs.org/fast-deep-equal/-/fast-deep-equal-3.1.3.tgz. Extracting by manifest.
442 silly tarball no local data for esutils@https://registry.npmjs.org/esutils/-/esutils-2.0.3.tgz. Extracting by manifest.
443 silly tarball no local data for espree@https://registry.npmjs.org/espree/-/espree-11.2.0.tgz. Extracting by manifest.
444 silly tarball no local data for esquery@https://registry.npmjs.org/esquery/-/esquery-1.7.0.tgz. Extracting by manifest.
445 silly tarball no local data for eslint-scope@https://registry.npmjs.org/eslint-scope/-/eslint-scope-9.1.2.tgz. Extracting by manifest.
446 silly tarball no local data for eslint-plugin-react-refresh@https://registry.npmjs.org/eslint-plugin-react-refresh/-/eslint-plugin-react-refresh-0.5.3.tgz. Extracting by manifest.
447 silly tarball no local data for estraverse@https://registry.npmjs.org/estraverse/-/estraverse-5.3.0.tgz. Extracting by manifest.
448 silly tarball no local data for esrecurse@https://registry.npmjs.org/esrecurse/-/esrecurse-4.3.0.tgz. Extracting by manifest.
449 silly tarball no local data for flat-cache@https://registry.npmjs.org/flat-cache/-/flat-cache-4.0.1.tgz. Extracting by manifest.
450 silly tarball no local data for eslint-visitor-keys@https://registry.npmjs.org/eslint-visitor-keys/-/eslint-visitor-keys-5.0.1.tgz. Extracting by manifest.
451 silly tarball no local data for eslint@https://registry.npmjs.org/eslint/-/eslint-10.8.0.tgz. Extracting by manifest.
452 silly tarball no local data for es-set-tostringtag@https://registry.npmjs.org/es-set-tostringtag/-/es-set-tostringtag-2.1.0.tgz. Extracting by manifest.
453 silly tarball no local data for escalade@https://registry.npmjs.org/escalade/-/escalade-3.2.0.tgz. Extracting by manifest.
454 silly tarball no local data for eslint-plugin-react-hooks@https://registry.npmjs.org/eslint-plugin-react-hooks/-/eslint-plugin-react-hooks-7.1.1.tgz. Extracting by manifest.
455 silly tarball no local data for es-object-atoms@https://registry.npmjs.org/es-object-atoms/-/es-object-atoms-1.1.2.tgz. Extracting by manifest.
456 silly tarball no local data for escape-string-regexp@https://registry.npmjs.org/escape-string-regexp/-/escape-string-regexp-4.0.0.tgz. Extracting by manifest.
457 silly tarball no local data for enhanced-resolve@https://registry.npmjs.org/enhanced-resolve/-/enhanced-resolve-5.24.3.tgz. Extracting by manifest.
458 silly tarball no local data for dunder-proto@https://registry.npmjs.org/dunder-proto/-/dunder-proto-1.0.1.tgz. Extracting by manifest.
459 silly tarball no local data for es-errors@https://registry.npmjs.org/es-errors/-/es-errors-1.3.0.tgz. Extracting by manifest.
460 silly tarball no local data for detect-libc@https://registry.npmjs.org/detect-libc/-/detect-libc-2.1.2.tgz. Extracting by manifest.
461 silly tarball no local data for es-define-property@https://registry.npmjs.org/es-define-property/-/es-define-property-1.0.1.tgz. Extracting by manifest.
462 silly tarball no local data for delayed-stream@https://registry.npmjs.org/delayed-stream/-/delayed-stream-1.0.0.tgz. Extracting by manifest.
463 silly tarball no local data for electron-to-chromium@https://registry.npmjs.org/electron-to-chromium/-/electron-to-chromium-1.5.396.tgz. Extracting by manifest.
464 silly tarball no local data for csstype@https://registry.npmjs.org/csstype/-/csstype-3.2.3.tgz. Extracting by manifest.
465 silly tarball no local data for cookie@https://registry.npmjs.org/cookie/-/cookie-1.1.1.tgz. Extracting by manifest.
466 silly tarball no local data for deep-is@https://registry.npmjs.org/deep-is/-/deep-is-0.1.4.tgz. Extracting by manifest.
467 silly tarball no local data for debug@https://registry.npmjs.org/debug/-/debug-4.4.3.tgz. Extracting by manifest.
468 silly tarball no local data for convert-source-map@https://registry.npmjs.org/convert-source-map/-/convert-source-map-2.0.0.tgz. Extracting by manifest.
469 silly tarball no local data for combined-stream@https://registry.npmjs.org/combined-stream/-/combined-stream-1.0.8.tgz. Extracting by manifest.
470 silly tarball no local data for call-bind-apply-helpers@https://registry.npmjs.org/call-bind-apply-helpers/-/call-bind-apply-helpers-1.0.2.tgz. Extracting by manifest.
471 silly tarball no local data for browserslist@https://registry.npmjs.org/browserslist/-/browserslist-4.28.7.tgz. Extracting by manifest.
472 silly tarball no local data for caniuse-lite@https://registry.npmjs.org/caniuse-lite/-/caniuse-lite-1.0.30001806.tgz. Extracting by manifest.
473 silly tarball no local data for baseline-browser-mapping@https://registry.npmjs.org/baseline-browser-mapping/-/baseline-browser-mapping-2.11.5.tgz. Extracting by manifest.
474 silly tarball no local data for cross-spawn@https://registry.npmjs.org/cross-spawn/-/cross-spawn-7.0.6.tgz. Extracting by manifest.
475 silly tarball no local data for balanced-match@https://registry.npmjs.org/balanced-match/-/balanced-match-4.0.4.tgz. Extracting by manifest.
476 silly tarball no local data for autoprefixer@https://registry.npmjs.org/autoprefixer/-/autoprefixer-10.5.4.tgz. Extracting by manifest.
477 silly tarball no local data for asynckit@https://registry.npmjs.org/asynckit/-/asynckit-0.4.0.tgz. Extracting by manifest.
478 silly tarball no local data for axios@https://registry.npmjs.org/axios/-/axios-1.18.1.tgz. Extracting by manifest.
479 silly tarball no local data for brace-expansion@https://registry.npmjs.org/brace-expansion/-/brace-expansion-5.0.8.tgz. Extracting by manifest.
480 silly tarball no local data for ajv@https://registry.npmjs.org/ajv/-/ajv-6.15.0.tgz. Extracting by manifest.
481 silly tarball no local data for @typescript-eslint/visitor-keys@https://registry.npmjs.org/@typescript-eslint/visitor-keys/-/visitor-keys-8.65.0.tgz. Extracting by manifest.
482 silly tarball no local data for @vitejs/plugin-react@https://registry.npmjs.org/@vitejs/plugin-react/-/plugin-react-6.0.4.tgz. Extracting by manifest.
483 silly tarball no local data for @typescript-eslint/utils@https://registry.npmjs.org/@typescript-eslint/utils/-/utils-8.65.0.tgz. Extracting by manifest.
484 silly tarball no local data for acorn@https://registry.npmjs.org/acorn/-/acorn-8.18.0.tgz. Extracting by manifest.
485 silly tarball no local data for agent-base@https://registry.npmjs.org/agent-base/-/agent-base-6.0.2.tgz. Extracting by manifest.
486 silly tarball no local data for @typescript-eslint/type-utils@https://registry.npmjs.org/@typescript-eslint/type-utils/-/type-utils-8.65.0.tgz. Extracting by manifest.
487 silly tarball no local data for @typescript-eslint/types@https://registry.npmjs.org/@typescript-eslint/types/-/types-8.65.0.tgz. Extracting by manifest.
488 silly tarball no local data for @typescript-eslint/tsconfig-utils@https://registry.npmjs.org/@typescript-eslint/tsconfig-utils/-/tsconfig-utils-8.65.0.tgz. Extracting by manifest.
489 silly tarball no local data for acorn-jsx@https://registry.npmjs.org/acorn-jsx/-/acorn-jsx-5.3.2.tgz. Extracting by manifest.
490 silly tarball no local data for @typescript-eslint/typescript-estree@https://registry.npmjs.org/@typescript-eslint/typescript-estree/-/typescript-estree-8.65.0.tgz. Extracting by manifest.
491 silly tarball no local data for @typescript-eslint/scope-manager@https://registry.npmjs.org/@typescript-eslint/scope-manager/-/scope-manager-8.65.0.tgz. Extracting by manifest.
492 silly tarball no local data for @typescript-eslint/parser@https://registry.npmjs.org/@typescript-eslint/parser/-/parser-8.65.0.tgz. Extracting by manifest.
493 silly tarball no local data for @typescript-eslint/eslint-plugin@https://registry.npmjs.org/@typescript-eslint/eslint-plugin/-/eslint-plugin-8.65.0.tgz. Extracting by manifest.
494 silly tarball no local data for @typescript-eslint/project-service@https://registry.npmjs.org/@typescript-eslint/project-service/-/project-service-8.65.0.tgz. Extracting by manifest.
495 silly tarball no local data for @types/react@https://registry.npmjs.org/@types/react/-/react-19.2.17.tgz. Extracting by manifest.
496 silly tarball no local data for @types/estree@https://registry.npmjs.org/@types/estree/-/estree-1.0.9.tgz. Extracting by manifest.
497 silly tarball no local data for @tybys/wasm-util@https://registry.npmjs.org/@tybys/wasm-util/-/wasm-util-0.10.3.tgz. Extracting by manifest.
498 silly tarball no local data for @tailwindcss/oxide-win32-x64-msvc@https://registry.npmjs.org/@tailwindcss/oxide-win32-x64-msvc/-/oxide-win32-x64-msvc-4.3.3.tgz. Extracting by manifest.
499 silly tarball no local data for @types/json-schema@https://registry.npmjs.org/@types/json-schema/-/json-schema-7.0.15.tgz. Extracting by manifest.
500 silly tarball no local data for @types/esrecurse@https://registry.npmjs.org/@types/esrecurse/-/esrecurse-4.3.1.tgz. Extracting by manifest.
501 silly tarball no local data for @types/react-dom@https://registry.npmjs.org/@types/react-dom/-/react-dom-19.2.3.tgz. Extracting by manifest.
502 silly tarball no local data for @tailwindcss/node@https://registry.npmjs.org/@tailwindcss/node/-/node-4.3.3.tgz. Extracting by manifest.
503 silly tarball no local data for @oxlint/binding-win32-x64-msvc@https://registry.npmjs.org/@oxlint/binding-win32-x64-msvc/-/binding-win32-x64-msvc-1.76.0.tgz. Extracting by manifest.
504 silly tarball no local data for @rolldown/pluginutils@https://registry.npmjs.org/@rolldown/pluginutils/-/pluginutils-1.0.1.tgz. Extracting by manifest.
505 silly tarball no local data for @tailwindcss/vite@https://registry.npmjs.org/@tailwindcss/vite/-/vite-4.3.3.tgz. Extracting by manifest.
506 silly tarball no local data for @jridgewell/trace-mapping@https://registry.npmjs.org/@jridgewell/trace-mapping/-/trace-mapping-0.3.31.tgz. Extracting by manifest.
507 silly tarball no local data for @jridgewell/sourcemap-codec@https://registry.npmjs.org/@jridgewell/sourcemap-codec/-/sourcemap-codec-1.5.5.tgz. Extracting by manifest.
508 silly tarball no local data for @oxc-project/types@https://registry.npmjs.org/@oxc-project/types/-/types-0.139.0.tgz. Extracting by manifest.
509 silly tarball no local data for @rolldown/binding-win32-x64-msvc@https://registry.npmjs.org/@rolldown/binding-win32-x64-msvc/-/binding-win32-x64-msvc-1.1.5.tgz. Extracting by manifest.
510 silly tarball no local data for @jridgewell/resolve-uri@https://registry.npmjs.org/@jridgewell/resolve-uri/-/resolve-uri-3.1.2.tgz. Extracting by manifest.
511 silly tarball no local data for @jridgewell/remapping@https://registry.npmjs.org/@jridgewell/remapping/-/remapping-2.3.5.tgz. Extracting by manifest.
512 silly tarball no local data for @napi-rs/wasm-runtime@https://registry.npmjs.org/@napi-rs/wasm-runtime/-/wasm-runtime-1.1.6.tgz. Extracting by manifest.
513 silly tarball no local data for @humanfs/node@https://registry.npmjs.org/@humanfs/node/-/node-0.16.8.tgz. Extracting by manifest.
514 silly tarball no local data for @humanfs/types@https://registry.npmjs.org/@humanfs/types/-/types-0.15.0.tgz. Extracting by manifest.
515 silly tarball no local data for @eslint/plugin-kit@https://registry.npmjs.org/@eslint/plugin-kit/-/plugin-kit-0.7.2.tgz. Extracting by manifest.
516 silly tarball no local data for @humanwhocodes/retry@https://registry.npmjs.org/@humanwhocodes/retry/-/retry-0.4.3.tgz. Extracting by manifest.
517 silly tarball no local data for @eslint/object-schema@https://registry.npmjs.org/@eslint/object-schema/-/object-schema-3.0.5.tgz. Extracting by manifest.
518 silly tarball no local data for @eslint/js@https://registry.npmjs.org/@eslint/js/-/js-10.0.1.tgz. Extracting by manifest.
519 silly tarball no local data for @tailwindcss/oxide@https://registry.npmjs.org/@tailwindcss/oxide/-/oxide-4.3.3.tgz. Extracting by manifest.
520 silly tarball no local data for @humanfs/core@https://registry.npmjs.org/@humanfs/core/-/core-0.19.2.tgz. Extracting by manifest.
521 silly tarball no local data for @jridgewell/gen-mapping@https://registry.npmjs.org/@jridgewell/gen-mapping/-/gen-mapping-0.3.13.tgz. Extracting by manifest.
522 silly tarball no local data for @eslint/config-helpers@https://registry.npmjs.org/@eslint/config-helpers/-/config-helpers-0.7.0.tgz. Extracting by manifest.
523 silly tarball no local data for @emnapi/wasi-threads@https://registry.npmjs.org/@emnapi/wasi-threads/-/wasi-threads-1.2.2.tgz. Extracting by manifest.
524 silly tarball no local data for @eslint/config-array@https://registry.npmjs.org/@eslint/config-array/-/config-array-0.23.5.tgz. Extracting by manifest.
525 silly tarball no local data for @emnapi/runtime@https://registry.npmjs.org/@emnapi/runtime/-/runtime-1.11.1.tgz. Extracting by manifest.
526 silly tarball no local data for @eslint/core@https://registry.npmjs.org/@eslint/core/-/core-1.2.1.tgz. Extracting by manifest.
527 silly tarball no local data for @emnapi/core@https://registry.npmjs.org/@emnapi/core/-/core-1.11.1.tgz. Extracting by manifest.
528 silly tarball no local data for @babel/types@https://registry.npmjs.org/@babel/types/-/types-7.29.7.tgz. Extracting by manifest.
529 silly tarball no local data for @babel/traverse@https://registry.npmjs.org/@babel/traverse/-/traverse-7.29.7.tgz. Extracting by manifest.
530 silly tarball no local data for @babel/helpers@https://registry.npmjs.org/@babel/helpers/-/helpers-7.29.7.tgz. Extracting by manifest.
531 silly tarball no local data for @humanwhocodes/module-importer@https://registry.npmjs.org/@humanwhocodes/module-importer/-/module-importer-1.0.1.tgz. Extracting by manifest.
532 silly tarball no local data for @babel/parser@https://registry.npmjs.org/@babel/parser/-/parser-7.29.7.tgz. Extracting by manifest.
533 silly tarball no local data for @babel/template@https://registry.npmjs.org/@babel/template/-/template-7.29.7.tgz. Extracting by manifest.
534 silly tarball no local data for @babel/helper-string-parser@https://registry.npmjs.org/@babel/helper-string-parser/-/helper-string-parser-7.29.7.tgz. Extracting by manifest.
535 silly tarball no local data for @babel/helper-validator-identifier@https://registry.npmjs.org/@babel/helper-validator-identifier/-/helper-validator-identifier-7.29.7.tgz. Extracting by manifest.
536 silly tarball no local data for @babel/helper-module-transforms@https://registry.npmjs.org/@babel/helper-module-transforms/-/helper-module-transforms-7.29.7.tgz. Extracting by manifest.
537 silly tarball no local data for @babel/helper-module-imports@https://registry.npmjs.org/@babel/helper-module-imports/-/helper-module-imports-7.29.7.tgz. Extracting by manifest.
538 silly tarball no local data for @babel/helper-validator-option@https://registry.npmjs.org/@babel/helper-validator-option/-/helper-validator-option-7.29.7.tgz. Extracting by manifest.
539 silly tarball no local data for @babel/helper-globals@https://registry.npmjs.org/@babel/helper-globals/-/helper-globals-7.29.7.tgz. Extracting by manifest.
540 silly tarball no local data for @babel/helper-compilation-targets@https://registry.npmjs.org/@babel/helper-compilation-targets/-/helper-compilation-targets-7.29.7.tgz. Extracting by manifest.
541 silly tarball no local data for @babel/compat-data@https://registry.npmjs.org/@babel/compat-data/-/compat-data-7.29.7.tgz. Extracting by manifest.
542 silly tarball no local data for @babel/generator@https://registry.npmjs.org/@babel/generator/-/generator-7.29.7.tgz. Extracting by manifest.
543 silly tarball no local data for @babel/code-frame@https://registry.npmjs.org/@babel/code-frame/-/code-frame-7.29.7.tgz. Extracting by manifest.
544 silly tarball no local data for ignore@https://registry.npmjs.org/ignore/-/ignore-7.0.6.tgz. Extracting by manifest.
545 silly tarball no local data for @eslint-community/regexpp@https://registry.npmjs.org/@eslint-community/regexpp/-/regexpp-4.12.2.tgz. Extracting by manifest.
546 silly tarball no local data for @eslint-community/eslint-utils@https://registry.npmjs.org/@eslint-community/eslint-utils/-/eslint-utils-4.10.1.tgz. Extracting by manifest.
547 silly tarball no local data for lightningcss-win32-x64-msvc@https://registry.npmjs.org/lightningcss-win32-x64-msvc/-/lightningcss-win32-x64-msvc-1.32.0.tgz. Extracting by manifest.
548 silly tarball no local data for lightningcss@https://registry.npmjs.org/lightningcss/-/lightningcss-1.32.0.tgz. Extracting by manifest.
549 silly tarball no local data for semver@https://registry.npmjs.org/semver/-/semver-7.8.5.tgz. Extracting by manifest.
550 silly tarball no local data for @babel/core@https://registry.npmjs.org/@babel/core/-/core-7.29.7.tgz. Extracting by manifest.
551 silly tarball no local data for eslint-visitor-keys@https://registry.npmjs.org/eslint-visitor-keys/-/eslint-visitor-keys-3.4.3.tgz. Extracting by manifest.
552 http fetch POST 200 https://registry.npmjs.org/-/npm/v1/security/advisories/bulk 757ms
553 silly audit report {
553 silly audit report   'react-router': [
553 silly audit report     {
553 silly audit report       id: 1124282,
553 silly audit report       url: 'https://github.com/advisories/GHSA-qwww-vcr4-c8h2',
553 silly audit report       title: 'React Router: RSC Mode CSRF Bypass Allows Action Execution Before 400 Response',
553 silly audit report       severity: 'high',
553 silly audit report       vulnerable_versions: '>=7.12.0 <8.3.0',
553 silly audit report       cwe: [Array],
553 silly audit report       cvss: [Object]
553 silly audit report     }
553 silly audit report   ]
553 silly audit report }
554 silly packumentCache corgi:https://registry.npmjs.org/react-router cache-miss
555 http fetch GET 200 https://registry.npmjs.org/set-cookie-parser/-/set-cookie-parser-2.7.2.tgz 871ms (cache miss)
556 http fetch GET 200 https://registry.npmjs.org/shebang-command/-/shebang-command-2.0.0.tgz 872ms (cache miss)
557 http fetch GET 200 https://registry.npmjs.org/shebang-regex/-/shebang-regex-3.0.0.tgz 913ms (cache miss)
558 http fetch GET 200 https://registry.npmjs.org/yallist/-/yallist-3.1.1.tgz 948ms (cache miss)
559 http fetch GET 200 https://registry.npmjs.org/yocto-queue/-/yocto-queue-0.1.0.tgz 950ms (cache miss)
560 http fetch GET 200 https://registry.npmjs.org/which/-/which-2.0.2.tgz 948ms (cache miss)
561 http fetch GET 200 https://registry.npmjs.org/p-locate/-/p-locate-5.0.0.tgz 927ms (cache miss)
562 http fetch GET 200 https://registry.npmjs.org/word-wrap/-/word-wrap-1.2.5.tgz 983ms (cache miss)
563 http fetch GET 200 https://registry.npmjs.org/p-limit/-/p-limit-3.1.0.tgz 1073ms (cache miss)
564 http fetch GET 200 https://registry.npmjs.org/update-browserslist-db/-/update-browserslist-db-1.2.3.tgz 1119ms (cache miss)
565 http fetch GET 200 https://registry.npmjs.org/react-router-dom/-/react-router-dom-7.18.1.tgz 1107ms (cache miss)
566 http fetch GET 200 https://registry.npmjs.org/punycode/-/punycode-2.3.1.tgz 1109ms (cache miss)
567 http fetch GET 200 https://registry.npmjs.org/natural-compare/-/natural-compare-1.4.0.tgz 1099ms (cache miss)
568 http fetch GET 200 https://registry.npmjs.org/mime-types/-/mime-types-2.1.35.tgz 1104ms (cache miss)
569 http fetch GET 200 https://registry.npmjs.org/path-key/-/path-key-3.1.1.tgz 1131ms (cache miss)
570 http fetch GET 200 https://registry.npmjs.org/path-exists/-/path-exists-4.0.0.tgz 1132ms (cache miss)
571 http fetch GET 200 https://registry.npmjs.org/ms/-/ms-2.1.3.tgz 1153ms (cache miss)
572 http fetch GET 200 https://registry.npmjs.org/picocolors/-/picocolors-1.1.1.tgz 1195ms (cache miss)
573 http fetch GET 200 https://registry.npmjs.org/levn/-/levn-0.4.1.tgz 1189ms (cache miss)
574 http fetch GET 200 https://registry.npmjs.org/locate-path/-/locate-path-6.0.0.tgz 1228ms (cache miss)
575 http fetch GET 200 https://registry.npmjs.org/tinyglobby/-/tinyglobby-0.2.17.tgz 1285ms (cache miss)
576 http fetch GET 200 https://registry.npmjs.org/js-tokens/-/js-tokens-4.0.0.tgz 1268ms (cache miss)
577 http fetch GET 200 https://registry.npmjs.org/json-buffer/-/json-buffer-3.0.1.tgz 1307ms (cache miss)
578 http fetch GET 200 https://registry.npmjs.org/is-extglob/-/is-extglob-2.1.1.tgz 1305ms (cache miss)
579 http fetch GET 200 https://registry.npmjs.org/jsesc/-/jsesc-3.1.0.tgz 1307ms (cache miss)
580 http fetch GET 200 https://registry.npmjs.org/imurmurhash/-/imurmurhash-0.1.4.tgz 1345ms (cache miss)
581 http fetch GET 200 https://registry.npmjs.org/is-glob/-/is-glob-4.0.3.tgz 1384ms (cache miss)
582 http fetch GET 200 https://registry.npmjs.org/type-check/-/type-check-0.4.0.tgz 1417ms (cache miss)
583 http fetch GET 200 https://registry.npmjs.org/node-releases/-/node-releases-2.0.51.tgz 1402ms (cache miss)
584 http fetch GET 200 https://registry.npmjs.org/proxy-from-env/-/proxy-from-env-2.1.0.tgz 1412ms (cache miss)
585 http fetch GET 200 https://registry.npmjs.org/keyv/-/keyv-4.5.4.tgz 1396ms (cache miss)
586 http fetch GET 200 https://registry.npmjs.org/lru-cache/-/lru-cache-5.1.1.tgz 1453ms (cache miss)
587 http fetch GET 200 https://registry.npmjs.org/flatted/-/flatted-3.4.3.tgz 1541ms (cache miss)
588 http fetch GET 200 https://registry.npmjs.org/optionator/-/optionator-0.9.4.tgz 1614ms (cache miss)
589 http fetch GET 200 https://registry.npmjs.org/glob-parent/-/glob-parent-6.0.2.tgz 1598ms (cache miss)
590 http fetch GET 200 https://registry.npmjs.org/fast-levenshtein/-/fast-levenshtein-2.0.6.tgz 1587ms (cache miss)
591 http fetch GET 200 https://registry.npmjs.org/get-proto/-/get-proto-1.0.1.tgz 1621ms (cache miss)
592 http fetch GET 200 https://registry.npmjs.org/find-up/-/find-up-5.0.0.tgz 1618ms (cache miss)
593 http fetch GET 200 https://registry.npmjs.org/esrecurse/-/esrecurse-4.3.0.tgz 1617ms (cache miss)
594 http fetch GET 200 https://registry.npmjs.org/file-entry-cache/-/file-entry-cache-8.0.0.tgz 1667ms (cache miss)
595 http fetch GET 200 https://registry.npmjs.org/fast-json-stable-stringify/-/fast-json-stable-stringify-2.1.0.tgz 1669ms (cache miss)
596 http fetch GET 200 https://registry.npmjs.org/fdir/-/fdir-6.5.0.tgz 1669ms (cache miss)
597 http fetch GET 200 https://registry.npmjs.org/eslint-visitor-keys/-/eslint-visitor-keys-5.0.1.tgz 1663ms (cache miss)
598 http fetch GET 200 https://registry.npmjs.org/typescript-eslint/-/typescript-eslint-8.65.0.tgz 1746ms (cache miss)
599 http fetch GET 200 https://registry.npmjs.org/esutils/-/esutils-2.0.3.tgz 1700ms (cache miss)
600 http fetch GET 200 https://registry.npmjs.org/eslint-plugin-react-refresh/-/eslint-plugin-react-refresh-0.5.3.tgz 1698ms (cache miss)
601 http fetch GET 200 https://registry.npmjs.org/flat-cache/-/flat-cache-4.0.1.tgz 1698ms (cache miss)
602 http fetch GET 200 https://registry.npmjs.org/ignore/-/ignore-5.3.2.tgz 1749ms (cache miss)
603 http fetch GET 200 https://registry.npmjs.org/es-set-tostringtag/-/es-set-tostringtag-2.1.0.tgz 1734ms (cache miss)
604 http fetch GET 200 https://registry.npmjs.org/prelude-ls/-/prelude-ls-1.2.1.tgz 1814ms (cache miss)
605 http fetch GET 200 https://registry.npmjs.org/es-object-atoms/-/es-object-atoms-1.1.2.tgz 1775ms (cache miss)
606 http fetch GET 200 https://registry.npmjs.org/escape-string-regexp/-/escape-string-regexp-4.0.0.tgz 1776ms (cache miss)
607 http fetch GET 200 https://registry.npmjs.org/es-errors/-/es-errors-1.3.0.tgz 1776ms (cache miss)
608 http fetch GET 200 https://registry.npmjs.org/es-define-property/-/es-define-property-1.0.1.tgz 1777ms (cache miss)
609 http fetch GET 200 https://registry.npmjs.org/detect-libc/-/detect-libc-2.1.2.tgz 1777ms (cache miss)
610 http fetch GET 200 https://registry.npmjs.org/call-bind-apply-helpers/-/call-bind-apply-helpers-1.0.2.tgz 1798ms (cache miss)
611 http fetch GET 200 https://registry.npmjs.org/graceful-fs/-/graceful-fs-4.2.11.tgz 1846ms (cache miss)
612 http fetch GET 200 https://registry.npmjs.org/isexe/-/isexe-2.0.0.tgz 1852ms (cache miss)
613 http fetch GET 200 https://registry.npmjs.org/convert-source-map/-/convert-source-map-2.0.0.tgz 1826ms (cache miss)
614 http fetch GET 200 https://registry.npmjs.org/debug/-/debug-4.4.3.tgz 1827ms (cache miss)
615 http fetch GET 200 https://registry.npmjs.org/asynckit/-/asynckit-0.4.0.tgz 1826ms (cache miss)
616 http fetch GET 200 https://registry.npmjs.org/balanced-match/-/balanced-match-4.0.4.tgz 1827ms (cache miss)
617 http fetch GET 200 https://registry.npmjs.org/agent-base/-/agent-base-6.0.2.tgz 1826ms (cache miss)
618 http fetch GET 200 https://registry.npmjs.org/follow-redirects/-/follow-redirects-1.16.0.tgz 1874ms (cache miss)
619 http fetch GET 200 https://registry.npmjs.org/deep-is/-/deep-is-0.1.4.tgz 1867ms (cache miss)
620 http fetch GET 200 https://registry.npmjs.org/combined-stream/-/combined-stream-1.0.8.tgz 1867ms (cache miss)
621 http fetch GET 200 https://registry.npmjs.org/@typescript-eslint/tsconfig-utils/-/tsconfig-utils-8.65.0.tgz 1864ms (cache miss)
622 http fetch GET 200 https://registry.npmjs.org/estraverse/-/estraverse-5.3.0.tgz 1919ms (cache miss)
623 http fetch GET 200 https://registry.npmjs.org/cross-spawn/-/cross-spawn-7.0.6.tgz 1919ms (cache miss)
624 http fetch GET 200 https://registry.npmjs.org/semver/-/semver-6.3.1.tgz 1996ms (cache miss)
625 http fetch GET 200 https://registry.npmjs.org/@typescript-eslint/visitor-keys/-/visitor-keys-8.65.0.tgz 1950ms (cache miss)
626 http fetch GET 200 https://registry.npmjs.org/json-schema-traverse/-/json-schema-traverse-0.4.1.tgz 2015ms (cache miss)
627 http fetch GET 200 https://registry.npmjs.org/delayed-stream/-/delayed-stream-1.0.0.tgz 1988ms (cache miss)
628 http fetch GET 200 https://registry.npmjs.org/@types/esrecurse/-/esrecurse-4.3.1.tgz 1977ms (cache miss)
629 http fetch GET 200 https://registry.npmjs.org/postcss-value-parser/-/postcss-value-parser-4.2.0.tgz 2058ms (cache miss)
630 http fetch GET 200 https://registry.npmjs.org/picomatch/-/picomatch-4.0.5.tgz 2068ms (cache miss)
631 http fetch GET 200 https://registry.npmjs.org/@typescript-eslint/parser/-/parser-8.65.0.tgz 2019ms (cache miss)
632 http fetch GET 200 https://registry.npmjs.org/@oxc-project/types/-/types-0.139.0.tgz 2009ms (cache miss)
633 http fetch GET 200 https://registry.npmjs.org/@typescript-eslint/project-service/-/project-service-8.65.0.tgz 2013ms (cache miss)
634 http fetch GET 200 https://registry.npmjs.org/@tailwindcss/vite/-/vite-4.3.3.tgz 2011ms (cache miss)
635 http fetch GET 200 https://registry.npmjs.org/@humanwhocodes/retry/-/retry-0.4.3.tgz 2007ms (cache miss)
636 http fetch GET 200 https://registry.npmjs.org/@types/estree/-/estree-1.0.9.tgz 2031ms (cache miss)
637 http fetch GET 200 https://registry.npmjs.org/@types/json-schema/-/json-schema-7.0.15.tgz 2031ms (cache miss)
638 http fetch GET 200 https://registry.npmjs.org/@eslint/config-helpers/-/config-helpers-0.7.0.tgz 2026ms (cache miss)
639 http fetch GET 200 https://registry.npmjs.org/mime-db/-/mime-db-1.52.0.tgz 2104ms (cache miss)
640 http fetch GET 200 https://registry.npmjs.org/@types/react-dom/-/react-dom-19.2.3.tgz 2057ms (cache miss)
641 http fetch GET 200 https://registry.npmjs.org/@eslint/js/-/js-10.0.1.tgz 2054ms (cache miss)
642 http fetch GET 200 https://registry.npmjs.org/@jridgewell/resolve-uri/-/resolve-uri-3.1.2.tgz 2059ms (cache miss)
643 http fetch GET 200 https://registry.npmjs.org/@rolldown/pluginutils/-/pluginutils-1.0.1.tgz 2061ms (cache miss)
644 http fetch GET 200 https://registry.npmjs.org/@humanfs/node/-/node-0.16.8.tgz 2103ms (cache miss)
645 http fetch GET 200 https://registry.npmjs.org/hasown/-/hasown-2.0.4.tgz 2174ms (cache miss)
646 http fetch GET 200 https://registry.npmjs.org/cookie/-/cookie-1.1.1.tgz 2149ms (cache miss)
647 http fetch GET 200 https://registry.npmjs.org/@humanfs/core/-/core-0.19.2.tgz 2134ms (cache miss)
648 http fetch GET 200 https://registry.npmjs.org/form-data/-/form-data-4.0.6.tgz 2198ms (cache miss)
649 http fetch GET 200 https://registry.npmjs.org/acorn-jsx/-/acorn-jsx-5.3.2.tgz 2182ms (cache miss)
650 http fetch GET 200 https://registry.npmjs.org/@humanfs/types/-/types-0.15.0.tgz 2174ms (cache miss)
651 http fetch GET 200 https://registry.npmjs.org/@tailwindcss/oxide/-/oxide-4.3.3.tgz 2173ms (cache miss)
652 http fetch GET 200 https://registry.npmjs.org/@humanwhocodes/module-importer/-/module-importer-1.0.1.tgz 2174ms (cache miss)
653 http fetch GET 200 https://registry.npmjs.org/@babel/helper-globals/-/helper-globals-7.29.7.tgz 2206ms (cache miss)
654 http fetch GET 200 https://registry.npmjs.org/@babel/helper-string-parser/-/helper-string-parser-7.29.7.tgz 2251ms (cache miss)
655 http fetch GET 200 https://registry.npmjs.org/@babel/helper-validator-identifier/-/helper-validator-identifier-7.29.7.tgz 2254ms (cache miss)
656 http fetch GET 200 https://registry.npmjs.org/@babel/code-frame/-/code-frame-7.29.7.tgz 2253ms (cache miss)
657 http fetch GET 200 https://registry.npmjs.org/@babel/compat-data/-/compat-data-7.29.7.tgz 2255ms (cache miss)
658 http fetch GET 200 https://registry.npmjs.org/get-intrinsic/-/get-intrinsic-1.3.0.tgz 2323ms (cache miss)
659 http fetch GET 200 https://registry.npmjs.org/@babel/helper-validator-option/-/helper-validator-option-7.29.7.tgz 2283ms (cache miss)
660 http fetch GET 200 https://registry.npmjs.org/gensync/-/gensync-1.0.0-beta.2.tgz 2339ms (cache miss)
661 http fetch GET 200 https://registry.npmjs.org/https-proxy-agent/-/https-proxy-agent-5.0.1.tgz 2379ms (cache miss)
662 http fetch GET 200 https://registry.npmjs.org/eslint-visitor-keys/-/eslint-visitor-keys-3.4.3.tgz 2292ms (cache miss)
663 http fetch GET 200 https://registry.npmjs.org/@vitejs/plugin-react/-/plugin-react-6.0.4.tgz 2414ms (cache miss)
664 http fetch GET 200 https://registry.npmjs.org/globals/-/globals-17.8.0.tgz 2461ms (cache miss)
665 http fetch GET 200 https://registry.npmjs.org/scheduler/-/scheduler-0.27.0.tgz 2520ms (cache miss)
666 http fetch GET 200 https://registry.npmjs.org/ignore/-/ignore-7.0.6.tgz 2456ms (cache miss)
667 http fetch GET 200 https://registry.npmjs.org/fast-deep-equal/-/fast-deep-equal-3.1.3.tgz 2502ms (cache miss)
668 http fetch GET 200 https://registry.npmjs.org/@eslint/core/-/core-1.2.1.tgz 2475ms (cache miss)
669 http fetch GET 200 https://registry.npmjs.org/escalade/-/escalade-3.2.0.tgz 2513ms (cache miss)
670 http fetch GET 200 https://registry.npmjs.org/tslib/-/tslib-2.8.1.tgz 2579ms (cache miss)
671 http fetch GET 200 https://registry.npmjs.org/gopd/-/gopd-1.2.0.tgz 2550ms (cache miss)
672 http fetch GET 200 https://registry.npmjs.org/function-bind/-/function-bind-1.1.2.tgz 2551ms (cache miss)
673 http fetch GET 200 https://registry.npmjs.org/ts-api-utils/-/ts-api-utils-2.5.0.tgz 2655ms (cache miss)
674 http fetch GET 200 https://registry.npmjs.org/browserslist/-/browserslist-4.28.7.tgz 2602ms (cache miss)
675 http fetch GET 200 https://registry.npmjs.org/baseline-browser-mapping/-/baseline-browser-mapping-2.11.5.tgz 2602ms (cache miss)
676 http fetch GET 200 https://registry.npmjs.org/json-stable-stringify-without-jsonify/-/json-stable-stringify-without-jsonify-1.0.1.tgz 2663ms (cache miss)
677 http fetch GET 200 https://registry.npmjs.org/espree/-/espree-11.2.0.tgz 2723ms (cache miss)
678 http fetch GET 200 https://registry.npmjs.org/@eslint/object-schema/-/object-schema-3.0.5.tgz 2701ms (cache miss)
679 http fetch GET 200 https://registry.npmjs.org/has-tostringtag/-/has-tostringtag-1.0.2.tgz 2810ms (cache miss)
680 http fetch GET 200 https://registry.npmjs.org/dunder-proto/-/dunder-proto-1.0.1.tgz 2787ms (cache miss)
681 http fetch GET 200 https://registry.npmjs.org/electron-to-chromium/-/electron-to-chromium-1.5.396.tgz 2787ms (cache miss)
682 http fetch GET 200 https://registry.npmjs.org/zod-validation-error/-/zod-validation-error-4.0.2.tgz 2870ms (cache miss)
683 http fetch GET 200 https://registry.npmjs.org/has-symbols/-/has-symbols-1.1.0.tgz 2837ms (cache miss)
684 http fetch GET 200 https://registry.npmjs.org/brace-expansion/-/brace-expansion-5.0.8.tgz 2826ms (cache miss)
685 http fetch GET 200 https://registry.npmjs.org/@babel/helper-module-imports/-/helper-module-imports-7.29.7.tgz 2806ms (cache miss)
686 http fetch GET 200 https://registry.npmjs.org/@eslint/plugin-kit/-/plugin-kit-0.7.2.tgz 2820ms (cache miss)
687 http fetch GET 200 https://registry.npmjs.org/@tailwindcss/node/-/node-4.3.3.tgz 2827ms (cache miss)
688 http fetch GET 200 https://registry.npmjs.org/magic-string/-/magic-string-0.30.21.tgz 2907ms (cache miss)
689 http fetch GET 200 https://registry.npmjs.org/@typescript-eslint/types/-/types-8.65.0.tgz 2875ms (cache miss)
690 http fetch GET 200 https://registry.npmjs.org/tapable/-/tapable-2.3.3.tgz 3054ms (cache miss)
691 http fetch GET 200 https://registry.npmjs.org/source-map-js/-/source-map-js-1.2.1.tgz 3069ms (cache miss)
692 http fetch GET 200 https://registry.npmjs.org/eslint-scope/-/eslint-scope-9.1.2.tgz 3033ms (cache miss)
693 http fetch GET 200 https://registry.npmjs.org/@eslint-community/regexpp/-/regexpp-4.12.2.tgz 3031ms (cache miss)
694 http fetch GET 200 https://registry.npmjs.org/hermes-estree/-/hermes-estree-0.25.1.tgz 3098ms (cache miss)
695 http fetch GET 200 https://registry.npmjs.org/json5/-/json5-2.2.3.tgz 3118ms (cache miss)
696 http fetch GET 200 https://registry.npmjs.org/acorn/-/acorn-8.18.0.tgz 3090ms (cache miss)
697 http fetch GET 200 https://registry.npmjs.org/@eslint-community/eslint-utils/-/eslint-utils-4.10.1.tgz 3072ms (cache miss)
698 http fetch GET 200 https://registry.npmjs.org/@emnapi/wasi-threads/-/wasi-threads-1.2.2.tgz 3085ms (cache miss)
699 http fetch GET 200 https://registry.npmjs.org/@babel/helper-compilation-targets/-/helper-compilation-targets-7.29.7.tgz 3083ms (cache miss)
700 http fetch GET 200 https://registry.npmjs.org/lightningcss/-/lightningcss-1.33.0.tgz 3196ms (cache miss)
701 http fetch GET 200 https://registry.npmjs.org/nanoid/-/nanoid-3.3.16.tgz 3208ms (cache miss)
702 http fetch GET 200 https://registry.npmjs.org/@babel/helper-module-transforms/-/helper-module-transforms-7.29.7.tgz 3173ms (cache miss)
703 http fetch GET 200 https://registry.npmjs.org/fraction.js/-/fraction.js-5.3.4.tgz 3217ms (cache miss)
704 http fetch GET 200 https://registry.npmjs.org/@babel/template/-/template-7.29.7.tgz 3200ms (cache miss)
705 http fetch GET 200 https://registry.npmjs.org/react/-/react-19.2.8.tgz 3290ms (cache miss)
706 http fetch GET 200 https://registry.npmjs.org/@types/react/-/react-19.2.17.tgz 3238ms (cache miss)
707 http fetch GET 200 https://registry.npmjs.org/csstype/-/csstype-3.2.3.tgz 3270ms (cache miss)
708 http fetch GET 200 https://registry.npmjs.org/@eslint/config-array/-/config-array-0.23.5.tgz 3247ms (cache miss)
709 http fetch GET 200 https://registry.npmjs.org/lightningcss/-/lightningcss-1.32.0.tgz 3287ms (cache miss)
710 http fetch GET 200 https://registry.npmjs.org/@emnapi/runtime/-/runtime-1.11.1.tgz 3331ms (cache miss)
711 http fetch GET 200 https://registry.npmjs.org/esquery/-/esquery-1.7.0.tgz 3482ms (cache miss)
712 http fetch GET 200 https://registry.npmjs.org/@jridgewell/sourcemap-codec/-/sourcemap-codec-1.5.5.tgz 3465ms (cache miss)
713 http fetch GET 200 https://registry.npmjs.org/react-router 3063ms (cache miss)
714 silly packumentCache corgi:https://registry.npmjs.org/react-router set size:undefined disposed:false
715 http fetch GET 200 https://registry.npmjs.org/math-intrinsics/-/math-intrinsics-1.1.0.tgz 3739ms (cache miss)
716 http fetch GET 200 https://registry.npmjs.org/@jridgewell/remapping/-/remapping-2.3.5.tgz 3746ms (cache miss)
717 http fetch GET 200 https://registry.npmjs.org/@jridgewell/gen-mapping/-/gen-mapping-0.3.13.tgz 3769ms (cache miss)
718 silly packumentCache corgi:https://registry.npmjs.org/react-router-dom cache-miss
719 http fetch GET 200 https://registry.npmjs.org/tailwindcss/-/tailwindcss-4.3.3.tgz 4148ms (cache miss)
720 http fetch GET 200 https://registry.npmjs.org/jiti/-/jiti-2.7.0.tgz 4135ms (cache miss)
721 http fetch GET 200 https://registry.npmjs.org/@babel/parser/-/parser-7.29.7.tgz 4107ms (cache miss)
722 http fetch GET 200 https://registry.npmjs.org/@typescript-eslint/type-utils/-/type-utils-8.65.0.tgz 4317ms (cache miss)
723 http fetch GET 200 https://registry.npmjs.org/@emnapi/core/-/core-1.11.1.tgz 4324ms (cache miss)
724 http fetch GET 200 https://registry.npmjs.org/postcss/-/postcss-8.5.23.tgz 4500ms (cache miss)
725 http fetch GET 200 https://registry.npmjs.org/uri-js/-/uri-js-4.4.1.tgz 4544ms (cache miss)
726 http fetch GET 200 https://registry.npmjs.org/@tybys/wasm-util/-/wasm-util-0.10.3.tgz 4476ms (cache miss)
727 http fetch GET 200 https://registry.npmjs.org/@babel/generator/-/generator-7.29.7.tgz 4481ms (cache miss)
728 http fetch GET 200 https://registry.npmjs.org/@jridgewell/trace-mapping/-/trace-mapping-0.3.31.tgz 4496ms (cache miss)
729 http fetch GET 200 https://registry.npmjs.org/oxlint/-/oxlint-1.76.0.tgz 4567ms (cache miss)
730 http fetch GET 200 https://registry.npmjs.org/semver/-/semver-7.8.5.tgz 4501ms (cache miss)
731 http fetch GET 200 https://registry.npmjs.org/minimatch/-/minimatch-10.2.6.tgz 4632ms (cache miss)
732 http fetch GET 200 https://registry.npmjs.org/react-router-dom 687ms (cache miss)
733 silly packumentCache corgi:https://registry.npmjs.org/react-router-dom set size:undefined disposed:false
734 http fetch GET 200 https://registry.npmjs.org/@tailwindcss/oxide-win32-x64-msvc/-/oxide-win32-x64-msvc-4.3.3.tgz 5348ms (cache miss)
735 http fetch GET 200 https://registry.npmjs.org/enhanced-resolve/-/enhanced-resolve-5.24.3.tgz 5396ms (cache miss)
736 http fetch GET 200 https://registry.npmjs.org/hermes-parser/-/hermes-parser-0.25.1.tgz 5442ms (cache miss)
737 http fetch GET 200 https://registry.npmjs.org/rolldown/-/rolldown-1.1.5.tgz 5477ms (cache miss)
738 http fetch GET 200 https://registry.npmjs.org/eslint-plugin-react-hooks/-/eslint-plugin-react-hooks-7.1.1.tgz 5578ms (cache miss)
739 http fetch GET 200 https://registry.npmjs.org/vite/-/vite-8.1.5.tgz 5685ms (cache miss)
740 http fetch GET 200 https://registry.npmjs.org/@babel/traverse/-/traverse-7.29.7.tgz 5639ms (cache miss)
741 http fetch GET 200 https://registry.npmjs.org/autoprefixer/-/autoprefixer-10.5.4.tgz 5750ms (cache miss)
742 http fetch GET 200 https://registry.npmjs.org/@typescript-eslint/utils/-/utils-8.65.0.tgz 5752ms (cache miss)
743 http fetch GET 200 https://registry.npmjs.org/@typescript-eslint/typescript-estree/-/typescript-estree-8.65.0.tgz 5888ms (cache miss)
744 http fetch GET 200 https://registry.npmjs.org/@napi-rs/wasm-runtime/-/wasm-runtime-1.1.6.tgz 5929ms (cache miss)
745 http fetch GET 200 https://registry.npmjs.org/ajv/-/ajv-6.15.0.tgz 6054ms (cache miss)
746 http fetch GET 200 https://registry.npmjs.org/axios/-/axios-1.18.1.tgz 6250ms (cache miss)
747 http fetch GET 200 https://registry.npmjs.org/@babel/core/-/core-7.29.7.tgz 6461ms (cache miss)
748 http fetch GET 200 https://registry.npmjs.org/react-dom/-/react-dom-19.2.8.tgz 6701ms (cache miss)
749 http fetch GET 200 https://registry.npmjs.org/lightningcss-win32-x64-msvc/-/lightningcss-win32-x64-msvc-1.33.0.tgz 6720ms (cache miss)
750 http fetch GET 200 https://registry.npmjs.org/lightningcss-win32-x64-msvc/-/lightningcss-win32-x64-msvc-1.32.0.tgz 6679ms (cache miss)
751 http fetch GET 200 https://registry.npmjs.org/prettier/-/prettier-3.9.6.tgz 7079ms (cache miss)
752 http fetch GET 200 https://registry.npmjs.org/@babel/types/-/types-7.29.7.tgz 7158ms (cache miss)
753 http fetch GET 200 https://registry.npmjs.org/@oxlint/binding-win32-x64-msvc/-/binding-win32-x64-msvc-1.76.0.tgz 7192ms (cache miss)
754 http fetch GET 200 https://registry.npmjs.org/react-router/-/react-router-7.18.1.tgz 7276ms (cache miss)
755 http fetch GET 200 https://registry.npmjs.org/@babel/helpers/-/helpers-7.29.7.tgz 7303ms (cache miss)
756 http fetch GET 200 https://registry.npmjs.org/@rolldown/binding-win32-x64-msvc/-/binding-win32-x64-msvc-1.1.5.tgz 7673ms (cache miss)
757 http fetch GET 200 https://registry.npmjs.org/@typescript-eslint/scope-manager/-/scope-manager-8.65.0.tgz 7780ms (cache miss)
758 http fetch GET 200 https://registry.npmjs.org/eslint/-/eslint-10.8.0.tgz 8179ms (cache miss)
759 http fetch GET 200 https://registry.npmjs.org/@typescript-eslint/eslint-plugin/-/eslint-plugin-8.65.0.tgz 8240ms (cache miss)
760 http fetch GET 200 https://registry.npmjs.org/typescript/-/typescript-6.0.3.tgz 8412ms (cache miss)
761 http fetch GET 200 https://registry.npmjs.org/zod/-/zod-4.4.3.tgz 8960ms (cache miss)
762 http fetch GET 200 https://registry.npmjs.org/caniuse-lite/-/caniuse-lite-1.0.30001806.tgz 8906ms (cache miss)
763 http fetch GET 200 https://registry.npmjs.org/lucide-react/-/lucide-react-1.27.0.tgz 14325ms (cache miss)
764 silly ADD node_modules/zod-validation-error
765 silly ADD node_modules/zod
766 silly ADD node_modules/yocto-queue
767 silly ADD node_modules/yallist
768 silly ADD node_modules/word-wrap
769 silly ADD node_modules/which
770 silly ADD node_modules/vite
771 silly ADD node_modules/uri-js
772 silly ADD node_modules/update-browserslist-db
773 silly ADD node_modules/typescript-eslint
774 silly ADD node_modules/typescript
775 silly ADD node_modules/type-check
776 silly ADD node_modules/tslib
777 silly ADD node_modules/ts-api-utils
778 silly ADD node_modules/tinyglobby
779 silly ADD node_modules/tapable
780 silly ADD node_modules/tailwindcss
781 silly ADD node_modules/source-map-js
782 silly ADD node_modules/shebang-regex
783 silly ADD node_modules/shebang-command
784 silly ADD node_modules/set-cookie-parser
785 silly ADD node_modules/semver
786 silly ADD node_modules/scheduler
787 silly ADD node_modules/rolldown
788 silly ADD node_modules/react-router-dom
789 silly ADD node_modules/react-router
790 silly ADD node_modules/react-dom
791 silly ADD node_modules/react
792 silly ADD node_modules/punycode
793 silly ADD node_modules/proxy-from-env
794 silly ADD node_modules/prettier
795 silly ADD node_modules/prelude-ls
796 silly ADD node_modules/postcss-value-parser
797 silly ADD node_modules/postcss
798 silly ADD node_modules/picomatch
799 silly ADD node_modules/picocolors
800 silly ADD node_modules/path-key
801 silly ADD node_modules/path-exists
802 silly ADD node_modules/p-locate
803 silly ADD node_modules/p-limit
804 silly ADD node_modules/oxlint
805 silly ADD node_modules/optionator
806 silly ADD node_modules/node-releases
807 silly ADD node_modules/natural-compare
808 silly ADD node_modules/nanoid
809 silly ADD node_modules/ms
810 silly ADD node_modules/minimatch
811 silly ADD node_modules/mime-types
812 silly ADD node_modules/mime-db
813 silly ADD node_modules/math-intrinsics
814 silly ADD node_modules/magic-string
815 silly ADD node_modules/lucide-react
816 silly ADD node_modules/lru-cache
817 silly ADD node_modules/locate-path
818 silly ADD node_modules/lightningcss-win32-x64-msvc
819 silly ADD
820 silly ADD
821 silly ADD
822 silly ADD
823 silly ADD
824 silly ADD
825 silly ADD
826 silly ADD
827 silly ADD
828 silly ADD
829 silly ADD node_modules/lightningcss
830 silly ADD node_modules/levn
831 silly ADD node_modules/keyv
832 silly ADD node_modules/json5
833 silly ADD node_modules/json-stable-stringify-without-jsonify
834 silly ADD node_modules/json-schema-traverse
835 silly ADD node_modules/json-buffer
836 silly ADD node_modules/jsesc
837 silly ADD node_modules/js-tokens
838 silly ADD node_modules/jiti
839 silly ADD node_modules/isexe
840 silly ADD node_modules/is-glob
841 silly ADD node_modules/is-extglob
842 silly ADD node_modules/imurmurhash
843 silly ADD node_modules/ignore
844 silly ADD node_modules/https-proxy-agent
845 silly ADD node_modules/hermes-parser
846 silly ADD node_modules/hermes-estree
847 silly ADD node_modules/hasown
848 silly ADD node_modules/has-tostringtag
849 silly ADD node_modules/has-symbols
850 silly ADD node_modules/graceful-fs
851 silly ADD node_modules/gopd
852 silly ADD node_modules/globals
853 silly ADD node_modules/glob-parent
854 silly ADD node_modules/get-proto
855 silly ADD node_modules/get-intrinsic
856 silly ADD node_modules/gensync
857 silly ADD node_modules/function-bind
858 silly ADD
859 silly ADD node_modules/fraction.js
860 silly ADD node_modules/form-data
861 silly ADD node_modules/follow-redirects
862 silly ADD node_modules/flatted
863 silly ADD node_modules/flat-cache
864 silly ADD node_modules/find-up
865 silly ADD node_modules/file-entry-cache
866 silly ADD node_modules/fdir
867 silly ADD node_modules/fast-levenshtein
868 silly ADD node_modules/fast-json-stable-stringify
869 silly ADD node_modules/fast-deep-equal
870 silly ADD node_modules/esutils
871 silly ADD node_modules/estraverse
872 silly ADD node_modules/esrecurse
873 silly ADD node_modules/esquery
874 silly ADD node_modules/espree
875 silly ADD node_modules/eslint-visitor-keys
876 silly ADD node_modules/eslint-scope
877 silly ADD node_modules/eslint-plugin-react-refresh
878 silly ADD node_modules/eslint-plugin-react-hooks
879 silly ADD node_modules/eslint
880 silly ADD node_modules/escape-string-regexp
881 silly ADD node_modules/escalade
882 silly ADD node_modules/es-set-tostringtag
883 silly ADD node_modules/es-object-atoms
884 silly ADD node_modules/es-errors
885 silly ADD node_modules/es-define-property
886 silly ADD node_modules/enhanced-resolve
887 silly ADD node_modules/electron-to-chromium
888 silly ADD node_modules/dunder-proto
889 silly ADD node_modules/detect-libc
890 silly ADD node_modules/delayed-stream
891 silly ADD node_modules/deep-is
892 silly ADD node_modules/debug
893 silly ADD node_modules/csstype
894 silly ADD node_modules/cross-spawn
895 silly ADD node_modules/cookie
896 silly ADD node_modules/convert-source-map
897 silly ADD node_modules/combined-stream
898 silly ADD node_modules/caniuse-lite
899 silly ADD node_modules/call-bind-apply-helpers
900 silly ADD node_modules/browserslist
901 silly ADD node_modules/brace-expansion
902 silly ADD node_modules/baseline-browser-mapping
903 silly ADD node_modules/balanced-match
904 silly ADD node_modules/axios
905 silly ADD node_modules/autoprefixer
906 silly ADD node_modules/asynckit
907 silly ADD node_modules/ajv
908 silly ADD node_modules/agent-base
909 silly ADD node_modules/acorn-jsx
910 silly ADD node_modules/acorn
911 silly ADD node_modules/@vitejs/plugin-react
912 silly ADD node_modules/@typescript-eslint/visitor-keys
913 silly ADD node_modules/@typescript-eslint/utils
914 silly ADD node_modules/@typescript-eslint/typescript-estree
915 silly ADD node_modules/@typescript-eslint/typescript-estree/node_modules/semver
916 silly ADD node_modules/@typescript-eslint/types
917 silly ADD node_modules/@typescript-eslint/type-utils
918 silly ADD node_modules/@typescript-eslint/tsconfig-utils
919 silly ADD node_modules/@typescript-eslint/scope-manager
920 silly ADD node_modules/@typescript-eslint/project-service
921 silly ADD node_modules/@typescript-eslint/parser
922 silly ADD node_modules/@typescript-eslint/eslint-plugin
923 silly ADD node_modules/@typescript-eslint/eslint-plugin/node_modules/ignore
924 silly ADD node_modules/@types/react-dom
925 silly ADD node_modules/@types/react
926 silly ADD node_modules/@types/json-schema
927 silly ADD node_modules/@types/estree
928 silly ADD node_modules/@types/esrecurse
929 silly ADD node_modules/@tybys/wasm-util
930 silly ADD node_modules/@tailwindcss/vite
931 silly ADD node_modules/@tailwindcss/oxide-win32-x64-msvc
932 silly ADD
933 silly ADD
934 silly ADD
935 silly ADD
936 silly ADD
937 silly ADD
938 silly ADD
939 silly ADD
940 silly ADD
941 silly ADD
942 silly ADD
943 silly ADD node_modules/@tailwindcss/oxide
944 silly ADD node_modules/@tailwindcss/node
945 silly ADD node_modules/@tailwindcss/node/node_modules/lightningcss-win32-x64-msvc
946 silly ADD
947 silly ADD
948 silly ADD
949 silly ADD
950 silly ADD
951 silly ADD
952 silly ADD
953 silly ADD
954 silly ADD
955 silly ADD
956 silly ADD node_modules/@tailwindcss/node/node_modules/lightningcss
957 silly ADD node_modules/@rolldown/pluginutils
958 silly ADD node_modules/@rolldown/binding-win32-x64-msvc
959 silly ADD
960 silly ADD
961 silly ADD
962 silly ADD
963 silly ADD
964 silly ADD
965 silly ADD
966 silly ADD
967 silly ADD
968 silly ADD
969 silly ADD
970 silly ADD
971 silly ADD
972 silly ADD
973 silly ADD node_modules/@oxlint/binding-win32-x64-msvc
974 silly ADD
975 silly ADD
976 silly ADD
977 silly ADD
978 silly ADD
979 silly ADD
980 silly ADD
981 silly ADD
982 silly ADD
983 silly ADD
984 silly ADD
985 silly ADD
986 silly ADD
987 silly ADD
988 silly ADD
989 silly ADD
990 silly ADD
991 silly ADD
992 silly ADD node_modules/@oxc-project/types
993 silly ADD node_modules/@napi-rs/wasm-runtime
994 silly ADD node_modules/@jridgewell/trace-mapping
995 silly ADD node_modules/@jridgewell/sourcemap-codec
996 silly ADD node_modules/@jridgewell/resolve-uri
997 silly ADD node_modules/@jridgewell/remapping
998 silly ADD node_modules/@jridgewell/gen-mapping
999 silly ADD node_modules/@humanwhocodes/retry
1000 silly ADD node_modules/@humanwhocodes/module-importer
1001 silly ADD node_modules/@humanfs/types
1002 silly ADD node_modules/@humanfs/node
1003 silly ADD node_modules/@humanfs/core
1004 silly ADD node_modules/@eslint/plugin-kit
1005 silly ADD node_modules/@eslint/object-schema
1006 silly ADD node_modules/@eslint/js
1007 silly ADD node_modules/@eslint/core
1008 silly ADD node_modules/@eslint/config-helpers
1009 silly ADD node_modules/@eslint/config-array
1010 silly ADD node_modules/@eslint-community/regexpp
1011 silly ADD node_modules/@eslint-community/eslint-utils
1012 silly ADD node_modules/@eslint-community/eslint-utils/node_modules/eslint-visitor-keys
1013 silly ADD node_modules/@emnapi/wasi-threads
1014 silly ADD node_modules/@emnapi/runtime
1015 silly ADD node_modules/@emnapi/core
1016 silly ADD node_modules/@babel/types
1017 silly ADD node_modules/@babel/traverse
1018 silly ADD node_modules/@babel/template
1019 silly ADD node_modules/@babel/parser
1020 silly ADD node_modules/@babel/helpers
1021 silly ADD node_modules/@babel/helper-validator-option
1022 silly ADD node_modules/@babel/helper-validator-identifier
1023 silly ADD node_modules/@babel/helper-string-parser
1024 silly ADD node_modules/@babel/helper-module-transforms
1025 silly ADD node_modules/@babel/helper-module-imports
1026 silly ADD node_modules/@babel/helper-globals
1027 silly ADD node_modules/@babel/helper-compilation-targets
1028 silly ADD node_modules/@babel/generator
1029 silly ADD node_modules/@babel/core
1030 silly ADD node_modules/@babel/compat-data
1031 silly ADD node_modules/@babel/code-frame
1032 verbose cwd C:\Users\pc\Documents\GitHub\AI-Builder-Sprint\frontend
1033 verbose os Windows_NT 10.0.26200
1034 verbose node v22.15.0
1035 verbose npm  v10.9.2
1036 verbose exit 0
1037 info ok
